0,0,0,0,-0.036037930070284475,-0.010076185932388425,0.6230688746679092,0.08923310199528905,-0.9941544895845535,-0.06078078929377129,0.950769790195038,0.06683830497004539,0.3026044398901221,-0.2967730775538469,-0.08479087113367044,0.9511762447683456,221213_040416
0,0,0,0,-0.036036960180414065,-0.010072769868393458,0.6230897743671224,0.08868131674723506,-0.9943265817363154,-0.05873902376231216,0.9507670811814012,0.06692082852010467,0.3025947125314351,-0.2969471020262291,-0.08268162772197736,0.9513076090494959,221213_040416
0,0,0,0,-0.036058670913626696,-0.010079662014726907,0.6231997273059808,0.088602061789337,-0.9943024373988003,-0.05926497810244458,0.9509691880656119,0.06674012632816784,0.30199893855364995,-0.2963229285703515,-0.08311689672085253,0.9514642943815524,221213_040416
0,0,0,0,-0.03604648722881532,-0.01007494814017054,0.623184655492579,0.0891443596450362,-0.9941147027532928,-0.061556810453503696,0.9505818777052322,0.06646138906541121,0.3032770639891707,-0.2974010371903098,-0.08555022813077784,0.9509120787669594,221213_040416
0,0,0,0,-0.03605220161910905,-0.010081342130346345,0.623217008668134,0.08857568400381999,-0.9942167015246977,-0.06072477758382566,0.9510160647732799,0.06628428960250593,0.30195171384682523,-0.296180338217106,-0.08449581860211099,0.9513872313061384,221213_040417
0,0,0,0,-0.03598066515827966,-0.010373112665467733,0.6222415407824748,0.09182548834632842,-0.9938026726676386,-0.06264445297563964,0.9468932712475652,0.06767635256326404,0.31434542174146274,-0.30815777218178947,-0.08818253286445994,0.9472394778204531,221213_040417
0,0,0,0,-0.03638362746252858,-0.011414125478960572,0.6226898981343885,0.08973314867070431,-0.9941232241089515,-0.06055557213721485,0.9458944275752507,0.0660285031166627,0.3176853296239247,-0.3118199703542575,-0.08578608315686803,0.9462605634944705,221213_040417
0,0,0,0,-0.036838570404184104,-0.011606306035832742,0.6231094910255994,0.08410130457573324,-0.9950038848038919,-0.05379813931562183,0.9498014941748539,0.06371976989880641,0.3062954661552442,-0.3013371736641117,-0.07685740139509288,0.9504150922722758,221213_040417
0,0,0,0,-0.03795462436410078,-0.010252608320966486,0.6208306568349837,0.06580121321361909,-0.9974242277926122,-0.028550134008918537,0.9536352662099108,0.054439737642870245,0.29600015879409264,-0.2936834680065742,-0.04670358420599893,0.9547611197791543,221213_040417
0,0,0,0,-0.03863718951726196,-0.011316173225535147,0.6216861654170418,0.08044213126756111,-0.9964369327534195,-0.02534763425034925,0.9459478118993637,0.06830107192422663,0.3170452660690705,-0.31418434187581445,-0.04948133606683028,0.9480716200272544,221213_040417
0,0,0,0,-0.03499204605822927,-0.015095843863886743,0.6224984484811805,0.06369481273637195,-0.9965380030802516,-0.05343200583267599,0.9436079119718135,0.04270912988800252,0.32829870345221296,-0.3248800998748197,-0.07132978789421954,0.9430614943174664,221213_040417
0,0,0,0,-0.03116109743264999,-0.012028103124132185,0.6212771508881255,0.0720556726978801,-0.9938138764271016,-0.08451011213454795,0.9502578000357083,0.042661559658158876,0.30852893672851744,-0.30301500540955406,-0.1025376533204815,0.9474533952380859,221213_040417
0,0,0,0,-0.031986993449565744,-0.012260826573793937,0.6214681073620437,0.10202129245391606,-0.9926348739059327,-0.06532735255453626,0.9413319617787844,0.0750949086296433,0.32902111244054005,-0.3216920788887059,-0.0950618840737853,0.9420602128190134,221213_040417
0,0,0,0,-0.03434078454076032,-0.014976479539245599,0.6216807304044565,0.10184782152413036,-0.993786341449053,-0.04489686848874469,0.9354978252067334,0.08032944382437895,0.344079931830291,-0.3383353961445072,-0.07704471431689981,0.9378663400035032,221213_040417
0,0,0,0,-0.03301677846996104,-0.01849785212121402,0.6244301894170687,0.11506286188079567,-0.9910169587137687,-0.06816102520879025,0.9466883264902016,0.0886135947833806,0.30972381779054053,-0.3009015624801274,-0.10016495575439187,0.948380319985468,221213_040418
0,0,0,0,-0.031429799991374456,-0.01857443211600289,0.6212739109198433,0.11671497929576774,-0.9907575647235417,-0.06911629005571845,0.9465697186762412,0.08990346789509152,0.309714601117897,-0.30063828979883866,-0.10157172049105906,0.9483141907107135,221213_040418
0,0,0,0,-0.032688326087670354,-0.019415853952927716,0.6226311258777718,0.10811378915399728,-0.9923950238964652,-0.05885172164260294,0.9471549637733145,0.08483971968913084,0.3093536755279315,-0.30200808465061973,-0.08918709833043778,0.9491242164738295,221213_040418
0,0,0,0,-0.033788852175711,-0.0182067691738684,0.625625146087174,0.11106099848982771,-0.9922616641285544,-0.055517965698278104,0.9478193400543539,0.08895757214799005,0.30614547028571915,-0.2988376703720122,-0.08662182322237197,0.9503645124415477,221213_040418
0,0,0,0,-0.0333698169713579,-0.01607454136201392,0.6250336426690086,0.11161585843293159,-0.9903297740727477,-0.08239440958766325,0.9508552209374745,0.08233287950850793,0.2984889374294865,-0.2888187129710023,-0.1116612535164161,0.9508498911504993,221213_040418
0,0,0,0,-0.03135280440415734,-0.014967068271880104,0.6240003096154061,0.12908335512865654,-0.9882861859726114,-0.08141192814593545,0.9481942934642199,0.098978996509197,0.3018786843947766,-0.29028446267517977,-0.11616183911139763,0.9498638628054232,221213_040418
0,0,0,0,-0.031922908252358724,-0.015586732498190143,0.6246699229654569,0.1331592375711036,-0.9883020399008049,-0.07434847259621125,0.9461697749891449,0.10443559002176961,0.30635920817529827,-0.29501080377924005,-0.1111408361706536,0.949008082256845,221213_040418
0,0,0,0,-0.032443752558198195,-0.015693328496369355,0.6238369444064938,0.12518381140407464,-0.9899411951374812,-0.0659199782472989,0.9464572443607775,0.09922857127096296,0.30720087115847616,-0.2975696522822049,-0.10084701687853101,0.9493588263809154,221213_040418
0,0,0,0,-0.03234340024708362,-0.015903436680908992,0.6231859132285178,0.1190460152076932,-0.9905380406872353,-0.06828203434770913,0.9457845548850832,0.09219894054398521,0.3114336704715661,-0.3021913665278926,-0.10165503093334179,0.947811496386252,221213_040418
0,0,0,0,-0.03314363457171976,-0.016836814335381155,0.6245852140403502,0.11744617520136613,-0.9912249060745539,-0.06065955413668894,0.948971295477494,0.09401822674777377,0.30102168260604,-0.29267708535233417,-0.09291802094693977,0.9516860643578673,221213_040418
0,0,0,0,-0.03481082181603494,-0.01589364910121081,0.6222659947258977,0.12590892720725438,-0.9917631816405228,-0.023510286935432834,0.9471334754131207,0.11312575736193525,0.3002344796540737,-0.29510188376454366,-0.060069581016988685,0.9535756517629115,221213_040418
0,0,0,0,-0.03488365076991234,-0.017062305392759082,0.6223371178711427,0.12937363504927588,-0.9910303329256628,-0.0334864416650546,0.9452622084092408,0.11305585302281532,0.3061008517638729,-0.29956939080523837,-0.07125484768444855,0.9514099677710153,221213_040418
0,0,0,0,-0.032065471727760884,-0.020004846341006906,0.6268456543583616,0.11528787025011172,-0.9911358658385341,-0.0660181976555862,0.9454211289063992,0.08909292304164979,0.313434746129468,-0.30477466428583394,-0.09855022329956098,0.9473121225325177,221213_040418
0,0,0,0,-0.0318521884939388,-0.0214268149206988,0.6264062877233174,0.09632190859384954,-0.9941522919933439,-0.04881915862874964,0.9447613188845215,0.07587869995035534,0.3188549407386113,-0.3132860358592725,-0.07683516914945202,0.94654541175654,221213_040418
0,0,0,0,-0.03259566933516999,-0.021002436652324128,0.6237055375867969,0.10940017058516088,-0.9929437213994947,-0.04576427437707831,0.9398034776298123,0.08833109106294246,0.3301015628356537,-0.32372986595439196,-0.07912259149543183,0.9428353988921918,221213_040418
0,0,0,0,-0.03061944344760357,-0.02071827505409595,0.6240580587803356,0.11238820899309519,-0.9914302687873348,-0.06659513954935026,0.9428416351063439,0.08524083657213902,0.322154700245826,-0.3137172956489976,-0.09899506004218023,0.9443418006727885,221213_040418
0,0,0,0,-0.028635428569260348,-0.01985006974973741,0.6216962096466756,0.10785255740183225,-0.9913032755633779,-0.07540319435674692,0.9427661044432047,0.07790965784356974,0.32422547328623325,-0.3155311366170832,-0.10605612227502406,0.9429698832694058,221213_040418
0,0,0,0,-0.02956401042672313,-0.02023483059660248,0.6239399246988536,0.11315161548845867,-0.9916242771465834,-0.062273629136802344,0.9415170873022862,0.08699003372809197,0.32554309753058003,-0.31739925366984006,-0.09546741331732678,0.9434742639650152,221213_040419
0,0,0,0,-0.029316584930259917,-0.020689556198813845,0.6228015935135989,0.11909391896868182,-0.9913049787679638,-0.055956032154968194,0.9354392396347988,0.09313404537357106,0.34099776911854285,-0.33282137463833433,-0.09295422885592883,0.9383972740378401,221213_040419
0,0,0,0,-0.03041260387729019,-0.021523248752029368,0.625183358685353,0.11228503564055914,-0.9922167344688928,-0.053833285345451176,0.9404598890947399,0.08862408359433527,0.32814778501610176,-0.3208227980912638,-0.08747413130149205,0.943091198441562,221213_040419
0,0,0,0,-0.03252752471794575,-0.022354086291807903,0.6232355872643258,0.12559373263949508,-0.9913742821921139,-0.03745993766344918,0.9371580258261794,0.10616673769750867,0.33236043452289316,-0.3255165878281119,-0.07684826878166456,0.9424082420235956,221213_040419
0,0,0,0,-0.03161734488731394,-0.024228286349531034,0.6237867028289138,0.12978917434108553,-0.9895128088600819,-0.06339693467108892,0.9414749519943311,0.10292312919975294,0.32098558260925536,-0.31109433455325336,-0.10134707976829868,0.944959832178758,221213_040419
0,0,0,0,-0.03057814857877738,-0.024710675230621783,0.6238181765593951,0.13026707106916785,-0.9892326085115752,-0.06670334663602079,0.9448043996988079,0.10345459303713184,0.31087263226166506,-0.3006245773466223,-0.10351808265663667,0.9481080476708645,221213_040419
0,0,0,0,-0.029757809864534326,-0.025958128696028388,0.6236933913733342,0.12966679305088558,-0.9893698458793043,-0.06583183762177619,0.9419676202593321,0.10217660574794463,0.31977639628465276,-0.30965065018964333,-0.10347583922148366,0.9452032720714316,221213_040419
0,0,0,0,-0.03081500133872281,-0.025247828390284135,0.6252542882801947,0.13361688671960886,-0.9893354496395674,-0.05798185638486142,0.9436961708450451,0.10915076386134881,0.31228776453918966,-0.302628592032808,-0.09644417470723357,0.9482164607563406,221213_040419
0,0,0,0,-0.030669611728544103,-0.02522062326111152,0.6261072917841696,0.12995285575854798,-0.9895447672779221,-0.06255724444923716,0.9423523622227135,0.10364129744407542,0.3181674195724332,-0.30835739117697525,-0.10029773186364815,0.9459683315468534,221213_040419
0,0,0,0,-0.030281901083894426,-0.02501649070324682,0.626292005064136,0.11528573986183832,-0.9917485656026739,-0.05607121195005421,0.9476841932760971,0.0928972641042739,0.30539280956920734,-0.2976640186504611,-0.08834523726257164,0.9505741691492978,221213_040419
0,0,0,0,-0.02931863643283685,-0.023512246230910156,0.6274266984388068,0.11659756913230043,-0.9905616010673916,-0.07206053957086317,0.9495682909657781,0.08991974565664444,0.30039057930197455,-0.29107570778883257,-0.10345121474323021,0.9510903103824474,221213_040419
0,0,0,0,-0.028147598190728443,-0.0223005379041257,0.6256732323150952,0.13089831182666917,-0.9888205533664065,-0.07141109998510226,0.9478596726080923,0.10371370601558491,0.30133952317575785,-0.2905644042277175,-0.10713253672282289,0.9508390750127619,221213_040419
0,0,0,0,-0.028334971501704703,-0.022411117581698923,0.6267433634053038,0.14082380874994319,-0.9875326168618386,-0.07034191867705131,0.9469703860294371,0.11363082785229345,0.3005580192656013,-0.28881783683217804,-0.10893743890697932,0.9511660693758843,221213_040419
0,0,0,0,-0.029121249427625364,-0.022723671242690764,0.6263491166219977,0.1317932203970239,-0.9891430476860195,-0.06501213941868633,0.9471058118012374,0.10628987465025205,0.3028085926772111,-0.2926108820766942,-0.10148149467389038,0.95083141404197,221213_040419
0,0,0,0,-0.029353618571111177,-0.023866690534464913,0.6253803608886632,0.12252596223878534,-0.9904329273094652,-0.0634823209930443,0.9453969384541686,0.09701135146456324,0.31114856009389497,-0.3020132734482789,-0.0981397686375058,0.9482386664088487,221213_040419
0,0,0,0,-0.029731175088028455,-0.024020708346399085,0.6252444802529704,0.11965295340319446,-0.9912117763782046,-0.056412632548548336,0.9456125436715085,0.09646785416273065,0.3106619873179491,-0.3024898146929784,-0.09051611725213718,0.9488449528371877,221213_040419
0,0,0,0,-0.030774816792501127,-0.023329736599362223,0.6253926249538094,0.11775305700218619,-0.9924327789478466,-0.03480512658352153,0.9496949151932077,0.1023014177488537,0.295996601302685,-0.29019611579551896,-0.06790875640467464,0.9545546685134196,221213_040419
0,0,0,0,-0.031789510583977484,-0.02307437341100578,0.6250277480785024,0.12237012302195566,-0.992303249690961,-0.01896875442275925,0.9498734155943416,0.11155482020697657,0.292054817518439,-0.28769088852226626,-0.053756699502002576,0.956213454161737,221213_040419
0,0,0,0,-0.03282113698495527,-0.02474098661468148,0.6273068549201405,0.13251168226003746,-0.9908338449613203,-0.026247775977832566,0.9462660891463822,0.11858124188150582,0.3008637193239676,-0.29499346195505116,-0.0647053379019645,0.9533058673116234,221213_040419
0,0,0,0,-0.030865914652260122,-0.02573369575952222,0.6304705780211061,0.1265003372208961,-0.9902730886173947,-0.0579385419489023,0.9501273984566657,0.10417377486234652,0.2939485521871089,-0.28505366404410226,-0.09223358710954643,0.9540636110993531,221213_040419
0,0,0,0,-0.028257890234743354,-0.027847488932957232,0.627023553893373,0.10300810320483486,-0.9933351414443858,-0.051716800421183484,0.9365285293572448,0.0793376968061161,0.34149647665160043,-0.33511735910587864,-0.0836111633525287,0.9384591248364195,221213_040419
0,0,0,0,-0.02638097263788347,-0.025746969401872998,0.625138249709065,0.09600586901195156,-0.9922735542962867,-0.07858795428991822,0.9470450444361816,0.06675433927643341,0.314085246384859,-0.30641239681861887,-0.1045803596856555,0.9461365606739273,221213_040420
0,0,0,0,-0.026469894071711256,-0.025684245183967305,0.6249806363354071,0.09406907958962783,-0.9927476279289531,-0.07485422838155453,0.9461628672090894,0.06575716473846357,0.31694135735216666,-0.30972057887688953,-0.10063867311822111,0.9454866580196508,221213_040420
0,0,0,0,-0.027328285515257844,-0.026279338164242536,0.6251051937263864,0.09405744513601533,-0.9935067435103091,-0.06401208959272214,0.9432386924842888,0.06835827313521331,0.3250044853452039,-0.31851839195722237,-0.09094777123994163,0.9435436062479956,221213_040420
0,0,0,0,-0.027606834021674014,-0.026292447166310573,0.6239477024765986,0.09606071176645865,-0.9932827608003777,-0.06451121415460198,0.9423052645052183,0.06986799679480189,0.3273824239473347,-0.3206760485921459,-0.09223784538171444,0.9426871441462786,221213_040420
0,0,0,0,-0.02779764416651798,-0.026646593138438195,0.6246212169468889,0.09059035288313345,-0.9939614575220305,-0.06191937439275813,0.941919079238692,0.06532544315587487,0.32942530965701955,-0.32339115035919586,-0.08816579516552733,0.9421491158156368,221213_040420
0,0,0,0,-0.028577925893068387,-0.02738551035324749,0.6258883884230669,0.08972485433825939,-0.9946302148298121,-0.051576993529867166,0.9407002542834894,0.06762151534816174,0.33243098870742605,-0.327158191254562,-0.07834581296802128,0.941716226623192,221213_040420
0,0,0,0,-0.029804945134352598,-0.028506374236859502,0.6259561976753578,0.0946678965160418,-0.9946087423946597,-0.04232539333947155,0.9375256793687208,0.07477515553849912,0.3397856333608176,-0.33478887361058873,-0.07184793432177602,0.939550043606112,221213_040420
0,0,0,0,-0.030226876342168463,-0.030357958814593883,0.6262672125281569,0.10035385067607494,-0.9940906667882448,-0.041386602409311746,0.9355618613116085,0.0801256655815229,0.3439533127828197,-0.33860464898409504,-0.07323676617396775,0.9380742336119979,221213_040420
0,0,0,0,-0.029725335576160822,-0.03186145333624184,0.6267058770310585,0.10041462048122368,-0.9938430118121392,-0.04682917750492427,0.9429216786016619,0.08003823861768855,0.32325313359966423,-0.3175147429909929,-0.07661558739025495,0.9451531303192143,221213_040420
0,0,0,0,-0.028654512092258787,-0.03226953713227144,0.6261749365750353,0.10147879451265979,-0.9924826995685194,-0.0684115876254971,0.9483038117029878,0.0757175234968368,0.3081991845302167,-0.3007024026738764,-0.09615065102582307,0.9488588500580412,221213_040420
0,0,0,0,-0.02754544195370081,-0.032668519311652044,0.6248299900454541,0.1059318181220153,-0.9920793841063555,-0.06750515195538492,0.9452715788964021,0.07939943553000633,0.316476494811573,-0.30860993509617857,-0.09733563206078052,0.9461953723683396,221213_040420
0,0,0,0,-0.027104969709289998,-0.03390739971042909,0.624275208798151,0.10910405685446425,-0.9914011482609324,-0.07225003809551306,0.9472594169300533,0.0816626016367637,0.30988839366980336,-0.3013235832377439,-0.10224960988101861,0.9480237947772967,221213_040420
0,0,0,0,-0.028828864417828608,-0.03192079861303543,0.631716192216886,0.11211827939526209,-0.9921184714111307,-0.055950246740179566,0.9490710481772587,0.09022992020635423,0.3018653789543846,-0.2944378320412736,-0.08694538621684285,0.95170734098169,221213_040420
0,0,0,0,-0.02972024872500206,-0.02947482471487771,0.6281707793822788,0.11252900769537538,-0.9923064343294459,-0.05162521491941252,0.9457675036457615,0.09102834357714751,0.31182955234112353,-0.30473111340123926,-0.08391532073454837,0.9487345084222767,221213_040420
0,0,0,0,-0.02789101414526086,-0.027339991349035638,0.6294459637957237,0.1273872965541734,-0.9885233482725496,-0.08120385826207388,0.9515773892686812,0.09871086766223197,0.291129931195627,-0.27977303106128804,-0.1143580103245816,0.9532309775523362,221213_040420
0,0,0,0,-0.026823062402843448,-0.02790056956720005,0.627846864079118,0.13339374956710912,-0.9880056942716497,-0.07778724614756449,0.9445530443065573,0.10297911988363928,0.31179295591659206,-0.3000427537329343,-0.11506541163523219,0.9469605572449005,221213_040420
0,0,0,0,-0.027738727357578645,-0.0290771518752879,0.6274776330107141,0.11193476715918955,-0.9918564556786502,-0.06075672168249607,0.9458806677661062,0.08760594944601399,0.3124659340920346,-0.3045987036206219,-0.0924444100540893,0.9479839981784439,221213_040420
0,0,0,0,-0.02841891974535606,-0.02999867806681195,0.6271562986137436,0.10489886087714112,-0.9927085140638524,-0.05938042684095968,0.9471719810718856,0.0815325556296857,0.31018974941936944,-0.30308656726921607,-0.08878202789770392,0.9488183621027443,221213_040420
0,0,0,0,-0.029580926600016714,-0.02967110754245129,0.6288331517810001,0.1002404887939064,-0.9943442727027891,-0.03509005200223492,0.9507209050523024,0.08532377551524933,0.29807652377930405,-0.2933966685272506,-0.06324018243952317,0.9538967838409597,221213_040420
0,0,0,0,-0.03150843039376516,-0.029684964003406703,0.6265422907997529,0.1173869958269178,-0.9928431281493811,-0.021973076645826706,0.9493776419863208,0.10570100536132968,0.29581986133810806,-0.2913801402072979,-0.05558615252161549,0.9549909913400332,221213_040420
0,0,0,0,-0.029492912070778227,-0.032282923983855655,0.6319848510572906,0.1174936631189969,-0.991439120145001,-0.056953579106024,0.9479827468978914,0.09488895577358653,0.30384995911819085,-0.29584447047529455,-0.08969145510194872,0.9510160315004619,221213_040420
0,0,0,0,-0.02704224287153372,-0.03335664154952618,0.6315795809526507,0.10595242102568866,-0.9912307706198792,-0.07896609307238972,0.9491888427093763,0.07715261029236545,0.3051032867753311,-0.29633532586384465,-0.10728016639340349,0.9490396938715328,221213_040421
0,0,0,0,-0.025162966700071152,-0.03367154330875727,0.6278996221248041,0.09980195252649704,-0.9915748245171514,-0.0825768590809779,0.9436713164323453,0.06801332222060084,0.32381882981593435,-0.3154742728254446,-0.11024316479627036,0.9425085823487016,221213_040421
0,0,0,0,-0.02713289596505954,-0.0323437545337462,0.6277083004435191,0.10860925128766186,-0.9929752643958746,-0.04694842737170768,0.9423458755515115,0.08780388168620995,0.32291597853294374,-0.31652532499910324,-0.07931331955464428,0.9452624587782141,221213_040421
0,0,0,0,-0.027096013342399933,-0.03261542853757292,0.6270603812451474,0.11339527062504032,-0.9923031118418807,-0.04975989176831541,0.940564506935914,0.09107637729531992,0.32717503234684886,-0.32012485203788066,-0.0839024894009773,0.9436527175714824,221213_040421
0,0,0,0,-0.02554859022340571,-0.03198155229993902,0.6280801317209275,0.11145104264463573,-0.9916513908652679,-0.0648551007123076,0.9443129363954639,0.08534704348342312,0.3177876025347988,-0.30959932695275694,-0.0966612702359051,0.9459412537714914,221213_040421
0,0,0,0,-0.024354991146564243,-0.03166461736749972,0.6270205325252836,0.10672654487223665,-0.9913394818533826,-0.07652108427291049,0.9451156119370016,0.07724444165300132,0.3174740561158713,-0.30881373786245636,-0.10620418048449602,0.9451744533973793,221213_040421
0,0,0,0,-0.024292534513919207,-0.03155278325053797,0.6273015213101694,0.10616125642760182,-0.9916247764431639,-0.07355331656531627,0.9459521457266252,0.07792104548684009,0.3148060492834137,-0.30643812691782685,-0.10299812335320749,0.9463017811231317,221213_040421
0,0,0,0,-0.024718314821105092,-0.031634052387490105,0.6264335529175175,0.10228988877012046,-0.992707093373505,-0.06379189150137926,0.9444120470254588,0.07677101506476774,0.3196749860078326,-0.312446257920589,-0.09294534959777451,0.9453774367413094,221213_040421
0,0,0,0,-0.024976197250110143,-0.03193629591877092,0.6271484835407412,0.10297697620763155,-0.9919178770568607,-0.07412602475611502,0.9450104597383109,0.07430672700181397,0.31848664227478,-0.31040453179088506,-0.10284666011732807,0.945024651078686,221213_040421
0,0,0,0,-0.025464579924277007,-0.03234308845665111,0.6271201889685689,0.10155677683457737,-0.992562229972372,-0.06713002838703735,0.9441309213249932,0.07489469771416124,0.3209479516250627,-0.3135331313864469,-0.09597397504832768,0.9447147567580555,221213_040421
0,0,0,0,-0.02551817228028899,-0.032500576393863154,0.6276222892017649,0.10071609712993101,-0.9928046918672806,-0.06476968106474457,0.947617557360177,0.07589093179984346,0.31026042521289016,-0.30311257440371264,-0.0926251060828859,0.9484425955014293,221213_040421
0,0,0,0,-0.025019562986413862,-0.0326363590957478,0.627047912562957,0.10504075318174283,-0.9908607373000906,-0.08462528846705564,0.9477765679628232,0.07397737733937187,0.3102368850775158,-0.3011411917882102,-0.11279338153946988,0.9468852283615306,221213_040421
0,0,0,0,-0.02459089316027216,-0.03352863987195118,0.6257476814147288,0.10590838328834168,-0.9906819564481169,-0.08563104295394824,0.9436121600006417,0.07296503361192502,0.32291205516198085,-0.31365507464119446,-0.11500158711140411,0.9425471495440877,221213_040421
0,0,0,0,-0.02579414384050863,-0.03576110292682869,0.6268379543201283,0.11309170319566864,-0.9910721057016796,-0.070614077692355,0.9459569987550407,0.08565834066236327,0.3127746875649093,-0.3039335834926092,-0.10217010313692415,0.9471988422978205,221213_040421
0,0,0,0,-0.025551400311672225,-0.03673142635649709,0.6276336264304004,0.11428314460505838,-0.9903387036379944,-0.07854053052912668,0.9489686987078122,0.08543335339762627,0.3035779158635189,-0.2939349787486695,-0.10922634390957943,0.9495640231517648,221213_040421
0,0,0,0,-0.024441860953411665,-0.0371088045255941,0.6265291011945175,0.11898030173577513,-0.9882084247607913,-0.09637321739290067,0.95045228176641,0.08528046500871075,0.29894431316371095,-0.2872005360090554,-0.12716662895466513,0.9493916476335874,221213_040421
0,0,0,0,-0.023825722000821066,-0.03687105992799148,0.6280032675691302,0.11864310368356631,-0.9899965670034996,-0.07635843941317938,0.951414147111009,0.09133884946959248,0.29405498678750946,-0.28413893542660035,-0.10753609579511786,0.9527334640264198,221213_040421
0,0,0,0,-0.024853282600944583,-0.03634033351301488,0.6317859596716644,0.12096736271766388,-0.9905169538194447,-0.06513878532319789,0.951976388519996,0.09716686469209689,0.2903438583926544,-0.28126118263556954,-0.09713271643558738,0.9547027718302092,221213_040421
0,0,0,0,-0.026558807929125343,-0.03542657983081997,0.6303871265591428,0.1273391319357428,-0.9900640798882003,-0.059647826389426284,0.9481845698120253,0.10386287278255896,0.3002640924715091,-0.29108549783222903,-0.09479251749207597,0.951989291735615,221213_040421
0,0,0,0,-0.027094218594377793,-0.034598808624678574,0.6290359294152958,0.1301983748638879,-0.9893296773731393,-0.06538480443927969,0.9475250600325598,0.10473509918054864,0.3020377784482181,-0.2919668539288266,-0.1012785686530026,0.9510510016494922,221213_040421
0,0,0,0,-0.025536857586027875,-0.0342901866309825,0.6298260889860582,0.13889546867098557,-0.9879475367961081,-0.0683206654034525,0.9462359349241691,0.11204626634128123,0.303452120864498,-0.2921396998712268,-0.10679559324935621,0.9503941798126015,221213_040421
0,0,0,0,-0.025732370899795146,-0.035005541308987115,0.6303246879293218,0.13066603538058957,-0.989325201983502,-0.06451381184073435,0.9479033538819519,0.10559655161188392,0.3005471676576343,-0.29052645128673904,-0.10042416545822953,0.9515825597890875,221213_040421
0,0,0,0,-0.025794681593816357,-0.03572189407126948,0.6288019783055068,0.12347774426980773,-0.9898340596870114,-0.07058173243531796,0.9449489984845996,0.09556294568384174,0.31295225462549303,-0.30302580242116717,-0.10533877584136789,0.9471426003360053,221213_040421
0,0,0,0,-0.025519799851880035,-0.036562828927467005,0.6289738862275476,0.11760281373212322,-0.9903266749286823,-0.07363867955759817,0.9463937791289148,0.08930313240056653,0.3104251364975752,-0.3008461284915911,-0.1061980577418717,0.9477413041033271,221213_040421
0,0,0,0,-0.02634987047278285,-0.03729831909480682,0.630335241058192,0.11940277879099837,-0.9908975509485696,-0.06216928454723325,0.9458727690744004,0.09449798034787404,0.3104751784502247,-0.301774222127262,-0.09587583237865367,0.9485463318284385,221213_040421
0,0,0,0,-0.027353071705606986,-0.03818339131571573,0.6301989486751136,0.12461584351849603,-0.9913065546654978,-0.04221618435380725,0.9452178863901237,0.10566866831140248,0.3088645006883802,-0.3017184760540219,-0.07839290283256306,0.9501686766006986,221213_040422
0,0,0,0,-0.028105446384522653,-0.03907727931949502,0.6297299463076076,0.12461383179359645,-0.9914365002976196,-0.039052001271705106,0.9451611823910852,0.10663780510458315,0.3087049041132367,-0.30189689005818365,-0.07537933669172804,0.9503558403951186,221213_040422
0,0,0,0,-0.02736567295004598,-0.039370312515058806,0.6304885861730092,0.12159433392572588,-0.9912843588073763,-0.050696527898931754,0.9472295905014442,0.10062512847211574,0.304352897798651,-0.2965989225125826,-0.08502883924774172,0.9512093227363557,221213_040422
0,0,0,0,-0.0263632059752826,-0.03954175618602303,0.6303388810611711,0.12267926902112576,-0.9906295255621376,-0.06002449530797499,0.9450644299913531,0.09814365456052622,0.31180289645002185,-0.3029901320465096,-0.09497876685890835,0.948248919708533,221213_040422
0,0,0,0,-0.0255936282910895,-0.04168842715246454,0.6321977139767035,0.1128989450408473,-0.9922749603101328,-0.05142209009937665,0.9432171079835868,0.09075801908012748,0.3195378994418816,-0.3124024894518971,-0.08457768685756217,0.9461772029963952,221213_040422
0,0,0,0,-0.02706020454185766,-0.04041865943703031,0.6293865351460852,0.11448872089058648,-0.9923093427662195,-0.04705848539542379,0.9403706591116517,0.09297951539760063,0.3271969333571835,-0.3203050987273776,-0.08171277730747711,0.9437836964866174,221213_040422
0,0,0,0,-0.02641892764560061,-0.040692533719118254,0.6311703116206859,0.11792268424150953,-0.991291218455816,-0.05861706879109768,0.942055145439759,0.09300695651633295,0.32230701045748844,-0.3140483139450867,-0.09322781908825341,0.9448186229410892,221213_040422
0,0,0,0,-0.02530334931924384,-0.0406981905007299,0.6305271437546606,0.11489148776565333,-0.990912420957383,-0.0699465512471672,0.944888990701008,0.08728181583101813,0.31554188292090574,-0.3065693091146357,-0.10234480259211057,0.9463301749872276,221213_040422
0,0,0,0,-0.024516086708617695,-0.040037052926202875,0.6289089163586024,0.11179588460422313,-0.9914680602054994,-0.06702809692885286,0.9424271637693752,0.08438998242179296,0.3235882752147559,-0.31517093961082515,-0.0993449367567059,0.9438208846839721,221213_040422
0,0,0,0,-0.024711413375517775,-0.04021371061178562,0.6288556714852457,0.11201007847242983,-0.9909806690471109,-0.07355987965963573,0.943621549682119,0.08286761662486541,0.32048608252220606,-0.31149978057153743,-0.10531035889148971,0.9443927228722326,221213_040422
0,0,0,0,-0.025213432401018566,-0.04052898702059802,0.6304847436484204,0.10587859184459791,-0.9915527601010043,-0.07491894103020236,0.945372275499595,0.07701352537558243,0.31676517742002874,-0.3083196142085724,-0.10436494069037895,0.9455405727143446,221213_040422
0,0,0,0,-0.02529565570016612,-0.040831009946596664,0.629507287798216,0.10680913651136158,-0.9919645549065926,-0.06780951383590961,0.9457365728240715,0.08030854308369367,0.31485373228017244,-0.3068780591386054,-0.09775919249226428,0.9467148446615712,221213_040422
0,0,0,0,-0.02482919325430923,-0.04127671892011522,0.6294195796275107,0.11202820129487132,-0.9897794455655169,-0.088240190676661,0.9466321821801569,0.07929277634484591,0.31241025476184464,-0.3022204390432095,-0.11852976316328265,0.9458401035423407,221213_040422
0,0,0,0,-0.025043838843352012,-0.0435247493589984,0.6293286878611986,0.11251368405342266,-0.9900223478066039,-0.08483172604766875,0.945574851742505,0.08044495284072795,0.3153043122359607,-0.30533403127209,-0.11569079654818397,0.9451913927566105,221213_040422
0,0,0,0,-0.025505024839404342,-0.045263117175938755,0.629371229913276,0.11825464790012141,-0.9895081404255933,-0.08300288116385196,0.9479421960682815,0.08760598681535042,0.30615483662250403,-0.29567115375575903,-0.11488616585817016,0.9483563347872714,221213_040422
0,0,0,0,-0.024445903373557745,-0.04569022126309192,0.6301539408744058,0.12222133940181534,-0.9877529911704477,-0.09698439373765055,0.9517241058395667,0.08891649522289846,0.29379428728474843,-0.2815726736718306,-0.1282103167109017,0.9509358254531096,221213_040422
0,0,0,0,-0.023439807032540318,-0.045608874047026744,0.629447516761311,0.12354849384164876,-0.9879141243511238,-0.09360263125047419,0.9504071721638931,0.09067061493763873,0.2974979776170955,-0.2854154459185615,-0.12571603912939178,0.950122887176562,221213_040422
0,0,0,0,-0.02428847270582252,-0.04520529912247408,0.634631397948511,0.12388343647358735,-0.9894802720372472,-0.07471067806271625,0.9526792774895746,0.09753776801872216,0.2879037652617075,-0.2775879831862994,-0.10684182261184984,0.9547406645427546,221213_040422
0,0,0,0,-0.026576159007321604,-0.04402374310932867,0.6350453188833779,0.1306623190984304,-0.9898003874755477,-0.05676751994824919,0.9497844512945481,0.10854842423724287,0.29347356895421706,-0.2843182274264774,-0.09226284489905141,0.954280206754913,221213_040422
0,0,0,0,-0.026996794822332984,-0.04272484267402407,0.6317037730904046,0.12956068094299628,-0.9895967781291596,-0.06254795496237031,0.9477748997249019,0.10505137169180512,0.3011427381776329,-0.29143913499226415,-0.09829763996179072,0.951525514409836,221213_040422
0,0,0,0,-0.025545867871540385,-0.04211713946270401,0.631984492279972,0.1462909874705111,-0.9868560164685477,-0.06865966606918544,0.9460227947064247,0.11927133166385429,0.3013556393017668,-0.2892054959380068,-0.10903922323164338,0.9510366075584533,221213_040422
0,0,0,0,-0.025627163823864922,-0.04230788059369803,0.6326475117784878,0.14035377777844338,-0.9876981833191268,-0.06894284394638367,0.9473296367888724,0.11371944230302641,0.29939012626296096,-0.2878669420492433,-0.10733213456549134,0.9516367145948252,221213_040423
0,0,0,0,-0.025642202081113463,-0.043438606313336604,0.6312047298169392,0.1186255464851727,-0.9900963455838885,-0.0750813304525374,0.9455420958613336,0.08955663699847638,0.3129372999878403,-0.3031140456581492,-0.10811491678280155,0.946801478713356,221213_040423
0,0,0,0,-0.024901640717164955,-0.0450093293574534,0.6308664535001639,0.09070244212044137,-0.9935704489933341,-0.06775566308857989,0.9484045308525717,0.06542274511368318,0.3102397625709893,-0.3038122987169904,-0.092399281972184,0.9482407182985357,221213_040423
0,0,0,0,-0.02565025353666303,-0.045476852643580645,0.6325748859425595,0.06961421607474966,-0.9960966794536469,-0.054270305892955395,0.9505462977515269,0.049727660471856006,0.3065760845448661,-0.3026806844698932,-0.072928492137249,0.9502977629582341,221213_040423
0,0,0,0,-0.026726136205484023,-0.045826391911451866,0.6325322794547464,0.05061179861609111,-0.9977819929215372,-0.043238182690423344,0.9545503764996066,0.035595573976450745,0.2959164304964272,-0.2937209978283884,-0.056249886353779865,0.9542347330295009,221213_040423
0,0,0,0,-0.027905260147880914,-0.04622077505620794,0.6320666957164046,0.05364689266645778,-0.9980601088419966,-0.03159161353168749,0.9529696616907983,0.041721620859615005,0.30018016298511857,-0.2982797928190233,-0.046209582243821185,0.953359239586365,221213_040423
0,0,0,0,-0.02671157615314135,-0.04588704515392935,0.6331490149827425,0.07809744121370915,-0.9951605543783211,-0.05963439179957064,0.9522988510625678,0.05676599426312934,0.29984082470576146,-0.29500455579665874,-0.0802065639754744,0.9521235314571656,221213_040423
0,0,0,0,-0.025849052438399522,-0.04732764986405707,0.6322360241175928,0.06322917010420243,-0.9965698866462019,-0.05339038375878391,0.9440625795463246,0.04237728156345205,0.3270321267209562,-0.3236478301306429,-0.07108183338426415,0.9435038182299308,221213_040423
0,0,0,0,-0.02516114725703831,-0.046368221045973386,0.6332283553311373,0.07482143447581491,-0.9944856541718243,-0.07348494124255439,0.9479489785563088,0.04806075056605641,0.3147743609461835,-0.3095068448306633,-0.0932118442123509,0.9463176343604193,221213_040423
0,0,0,0,-0.024529018870210403,-0.045826305673852215,0.631150945952988,0.07045651051708973,-0.995036268376283,-0.07027591864612948,0.9473555978891495,0.04468825125939219,0.3170494146776964,-0.3123351585618369,-0.08891448034588922,0.9458017571938491,221213_040423
0,0,0,0,-0.02466873714567959,-0.045543903706003086,0.6306229309781001,0.07076052621741047,-0.9949459097593789,-0.07124313709065205,0.9457408587263758,0.044211406798083885,0.3218999528493777,-0.31712328212373875,-0.09015535570345569,0.9440894214919744,221213_040423
0,0,0,0,-0.024585368897035144,-0.04602692424386406,0.6306969368834493,0.07175649348671476,-0.994873269376051,-0.07126137469554317,0.9455503059549892,0.045110631587592376,0.32233468604262083,-0.31746751731620915,-0.09051082144570338,0.943939704986662,221213_040423
0,0,0,0,-0.02469493553522786,-0.04580844483232985,0.6300961907357963,0.0779729570052215,-0.9943651620385604,-0.07182020955057367,0.9450206816676814,0.05077096709671605,0.32304522921785234,-0.31757854020102233,-0.09306037515554473,0.9436544056908212,221213_040423
0,0,0,0,-0.02475339103127547,-0.04589008036639638,0.6308446612035699,0.08247439168654686,-0.9946480127642539,-0.06223588530787699,0.9434642547741948,0.05780756412246624,0.3263946774896923,-0.3210501124112983,-0.08563653562789744,0.9431824898111417,221213_040423
0,0,0,0,-0.02481128062355144,-0.04646205426880437,0.631065972628056,0.08126360349326,-0.9947119406482415,-0.06280431417586058,0.9430593906697784,0.05634603173051561,0.3278171904854439,-0.32254489984626367,-0.08586780444400381,0.9426513182206505,221213_040423
0,0,0,0,-0.02563358277658804,-0.04667840522429021,0.632003525238021,0.07485942172100679,-0.9957338436709279,-0.05394608000510248,0.946123882075537,0.05383101128301476,0.3192989539453016,-0.3150328026506327,-0.07494220968565266,0.9461173280632372,221213_040423
0,0,0,0,-0.026039011979043878,-0.047930238025154566,0.6313215528297296,0.0874037257930559,-0.9944981889743127,-0.05774028787861901,0.9425745684165293,0.06380574094630823,0.32784449117940995,-0.3223565908925797,-0.08307935693724439,0.942965560749176,221213_040423
0,0,0,0,-0.02591266934622887,-0.049176842164347756,0.6309413907011651,0.08909069414141535,-0.9938066003351658,-0.06641753795241151,0.943761405828666,0.06291174738023672,0.3245866924411187,-0.31839795395966497,-0.09159996272829217,0.9435211654978782,221213_040423
0,0,0,0,-0.025878696469580968,-0.05005584084175459,0.6314099044047623,0.08892895594984913,-0.9936914167038325,-0.06833014827146117,0.9483046101957117,0.0634851902890435,0.310946935819479,-0.3046473487086815,-0.09244998097941436,0.9479678232628347,221213_040423
0,0,0,0,-0.02296259685212035,-0.05175549408696739,0.6327851269003198,0.0912531330701247,-0.9914082487015309,-0.09371526082474274,0.9548163773826677,0.06037772161864979,0.2909986532855099,-0.28284015129879597,-0.11603540467764235,0.952122488797828,221213_040423
0,0,0,0,-0.02219784142150921,-0.05164458851736687,0.6310460939944413,0.09287429239016404,-0.9914145747078265,-0.09204078916397435,0.953823343767928,0.06206914180220591,0.2938850974774106,-0.2856490761343294,-0.1150850237556495,0.9513989923322211,221213_040423
0,0,0,0,-0.024288562929965857,-0.052057790370221284,0.6397973895208802,0.09312158888138117,-0.9929119823671269,-0.0738523185552708,0.9590759407662437,0.06953263621784556,0.2744786919670479,-0.26739803575858945,-0.09638987380621925,0.958752983150545,221213_040423
0,0,0,0,-0.027303566464130586,-0.05056284809818547,0.6380017574952837,0.09562432778236712,-0.9941587262687763,-0.05004412972383521,0.9537784791512908,0.07711976248332686,0.29044647517635,-0.2848905064125888,-0.0755047628839457,0.9555817234218211,221213_040423
0,0,0,0,-0.027756123519035367,-0.04934487620845779,0.6341159387456632,0.09493531610440886,-0.9938587659389807,-0.05685102569348649,0.9505710031480894,0.0735440428732656,0.3016720764868539,-0.2956383833844837,-0.08268027046460823,0.9517152510839091,221213_040424
0,0,0,0,-0.026058800711863433,-0.04744646453482599,0.6344167160483147,0.1077436892611297,-0.9926886966219302,-0.05441000848605787,0.9509576738415811,0.08694371501616041,0.29685062401988827,-0.28994965077787094,-0.08372539649497383,0.9533725704023323,221213_040424
0,0,0,0,-0.02501686487951779,-0.047648624988853305,0.6339054362491571,0.11461995201732378,-0.9914237392485745,-0.0627792629290943,0.9460013740712512,0.08964233733712454,0.31152151067308703,-0.303222141102611,-0.09509584959981687,0.9481630200203113,221213_040424
0,0,0,0,-0.02551726571664211,-0.048679899982298956,0.6340485927826852,0.11271196695541538,-0.9918753641332022,-0.058985375566055875,0.9459768013114283,0.08895438816432416,0.31179321385641046,-0.30401299953396715,-0.09094162331923734,0.9483173083216514,221213_040424
0,0,0,0,-0.02546005572995752,-0.04992956224210555,0.6331164627366475,0.11075675541069055,-0.9917192723749705,-0.0650063530045808,0.9430808810528817,0.0842363816866941,0.3217183298987707,-0.31357836807314576,-0.09693872704132855,0.9446012334716642,221213_040424
0,0,0,0,-0.02530740076147861,-0.05129402330654135,0.6350164257667632,0.10300392002950515,-0.9928370167138212,-0.06053801038483608,0.9465796550562562,0.07914370520361147,0.3126071505263795,-0.3055767482845084,-0.08950381092134096,0.9479514326896832,221213_040424
0,0,0,0,-0.02659409330842851,-0.05180098800193266,0.6357845044034596,0.09405529282691061,-0.9941362595220185,-0.053354469304959184,0.9500530159131049,0.07360757278606245,0.30328401240909203,-0.2975783406863777,-0.07921504107247726,0.951405333400138,221213_040424
0,0,0,0,-0.027643442250974176,-0.051109018581402786,0.6344403803576828,0.08460781957463359,-0.9957165442133066,-0.03728378262375981,0.9528760955000393,0.06991431763839945,0.29519338545054985,-0.29132226741432954,-0.06050249390782585,0.9547097908472016,221213_040424
0,0,0,0,-0.028838146747071018,-0.05082231259947667,0.6346085506862766,0.08466204499107077,-0.9961681848978148,-0.021938220878724324,0.9550401118752223,0.074848977052558,0.2868728208519386,-0.2841315238534661,-0.04523912058804237,0.9577174422141052,221213_040424
0,0,0,0,-0.02955286888479168,-0.05057721562866054,0.6331437609773609,0.0999369229981989,-0.9944760365364695,-0.03209398972342514,0.9521441930121739,0.08621950576054321,0.2932364788691958,-0.2888495233419103,-0.05986325735476526,0.9555010953860955,221213_040424
0,0,0,0,-0.027162766467249553,-0.05203182292837461,0.6350165597883163,0.09936135048756722,-0.9937692648456149,-0.05049723039427556,0.9433929952534734,0.07794269659454128,0.3223888840426279,-0.31644427398195485,-0.07967172833431556,0.9452594549478236,221213_040424
0,0,0,0,-0.02639313419008833,-0.05376264249713343,0.6343667491278286,0.08918455233428273,-0.9947434109616077,-0.05031562355172592,0.9379329498191136,0.06687790074498468,0.34030740226383577,-0.3351535428255977,-0.07754284454680134,0.9389670973953458,221213_040424
0,0,0,0,-0.026376997579398518,-0.0546368311135725,0.6346203463241636,0.08438916181747502,-0.9950483980466829,-0.052508617506797695,0.9433911536946524,0.06282212903075696,0.3256785397208666,-0.3207672060831924,-0.0770199042376321,0.9440213630277701,221213_040424
0,0,0,0,-0.025217675206394747,-0.05267744549119276,0.6347192644829011,0.0888738662626885,-0.993084460415052,-0.07671173559283578,0.9471201973195563,0.06041712870766269,0.3151398140319407,-0.30832574937050927,-0.10066292783773576,0.9459398539200305,221213_040424
0,0,0,0,-0.02429347316342384,-0.052328692895418145,0.6329025028596706,0.08290986662248137,-0.9939758557365457,-0.07167951052737664,0.9470154364258201,0.05618782387750609,0.3162351840310054,-0.3103026219480845,-0.09410061987421917,0.9459690038005643,221213_040424
0,0,0,0,-0.024522901275218834,-0.05203509747831441,0.6327921818854952,0.08491024697027913,-0.9934795744501631,-0.07608275172316215,0.9460924000283722,0.056434901335323945,0.31894242822149976,-0.31256906527678074,-0.09906279352811745,0.9447153763808468,221213_040424
0,0,0,0,-0.024897416754661457,-0.052674681730443575,0.6332978893763751,0.08239168202153851,-0.9942309428610945,-0.06867636413788947,0.9433939189236914,0.05559257782208721,0.32698223044822294,-0.3212779551594869,-0.09172948025925771,0.9425317914956,221213_040424
0,0,0,0,-0.02523285768746625,-0.053306788748079474,0.6338546527883989,0.08144062780802518,-0.9944429303257074,-0.06671343543436731,0.9464439405980593,0.056180125261637404,0.3179428578075065,-0.3124280580348895,-0.08903399267025776,0.9457598303489846,221213_040424
0,0,0,0,-0.025283635490809753,-0.0532778423425073,0.6332416051070814,0.07559311559727461,-0.9953104565646851,-0.060355413405050906,0.9444574189814956,0.052054159708367465,0.32448505079258605,-0.31982161372413287,-0.0815319539202471,0.9439632810045304,221213_040424
0,0,0,0,-0.026379488722355005,-0.05392020725423123,0.6351516108282959,0.07318948618708221,-0.9957838164024935,-0.055298192579463445,0.9462531437904546,0.051820398125025646,0.31924854612800496,-0.31503696128923014,-0.07569172563132918,0.9460562751192972,221213_040424
0,0,0,0,-0.02785996057883942,-0.05670206940226491,0.6348798610361654,0.07788393999041288,-0.9958139209274103,-0.04784063940572042,0.9397560809513327,0.0573091443608334,0.3370076709625784,-0.3328552240938427,-0.07120601701968374,0.9402856496478239,221213_040424
0,0,0,0,-0.027302633816067425,-0.05863573693080383,0.6343414440907371,0.07840917259396209,-0.9952571349567055,-0.05757809454037377,0.9425969729594628,0.05520747402680407,0.32933733675251176,-0.324596593051726,-0.08009600570159356,0.9424551350859427,221213_040424
0,0,0,0,-0.0266534347849687,-0.05958974520709407,0.6343411490474781,0.07496918310462214,-0.995035057831774,-0.06545880590373648,0.9497095446839117,0.05123225959645887,0.3089126677767008,-0.30402533170922275,-0.085325783104279,0.9488351323684946,221213_040424
0,0,0,0,-0.025944217721550988,-0.059365622400181624,0.6327361304185078,0.08182975023182598,-0.9933157706707798,-0.08141051353303436,0.950712103757305,0.0532848591250884,0.3054623046422893,-0.2990825768017191,-0.10239386468306999,0.9487176127430695,221213_040424
0,0,0,0,-0.02545858311405828,-0.0596433295061998,0.6333186522367014,0.08074538695709133,-0.9940721396235171,-0.07280634388205848,0.951321988666879,0.05506347619186318,0.303239983294688,-0.2974334486301837,-0.09374750564143593,0.9501288064372981,221213_040425
0,0,0,0,-0.025718052245201257,-0.06062042274244675,0.6343770368541226,0.08219872139062695,-0.9941663993212434,-0.06983223225975532,0.9533479539860228,0.058014868170500944,0.2962464408255795,-0.2904669496386987,-0.09092549439950115,0.9525552506998195,221213_040425
0,0,0,0,-0.026729106545185913,-0.060169598856929275,0.6382770312157937,0.0823216188337576,-0.995067955875006,-0.055343601828278854,0.9539695909071244,0.06260909470124376,0.2932952793435044,-0.2883837212761551,-0.07694065538730643,0.9544186528203902,221213_040425
0,0,0,0,-0.028165091456360702,-0.057600548662901714,0.6359546200176959,0.0968054256376536,-0.9938148065463925,-0.05441359992014222,0.947253017206138,0.0752126320166232,0.31153616383816624,-0.3055166623295391,-0.08170183764327775,0.9486750649009016,221213_040425
0,0,0,0,-0.027877806945792685,-0.055917506288592614,0.6364061045739581,0.10689364346596059,-0.992755785853017,-0.05486072039201395,0.9501496135186478,0.0857402694708625,0.2997737782419076,-0.29289837984689615,-0.08416980364966105,0.9524316160421392,221213_040425
0,0,0,0,-0.024445081878367716,-0.05483117477578989,0.6371967005286457,0.14199606742220955,-0.9868634117296319,-0.07705662480266257,0.9474458127535874,0.11295339192264703,0.29931248411795897,-0.28667673210834876,-0.1155081721893295,0.9510385446579744,221213_040425
0,0,0,0,-0.024114366249441185,-0.05608036202092025,0.6360800116915576,0.1298842235740834,-0.988048409129617,-0.0830086121013372,0.9436836506392193,0.09749084427459803,0.3161592997190839,-0.30428811344315265,-0.11939797527202403,0.9450676523498983,221213_040425
0,0,0,0,-0.025661574598139898,-0.056840479868694144,0.6347548242155199,0.10707083361703429,-0.9919379053700245,-0.06778663938182067,0.9477060064271339,0.08120463003170886,0.30864078383024224,-0.30064790365223937,-0.09728823131058065,0.9487601583529806,221213_040425
0,0,0,0,-0.02599417386143332,-0.05718614128085286,0.6354507343034348,0.1000270384833773,-0.993118176303538,-0.060916988334789146,0.9476014657613193,0.07641638501105773,0.3101805896390699,-0.3033909254728038,-0.08875147321243515,0.9487239442237021,221213_040425
0,0,0,0,-0.028803747415722503,-0.05788860840554406,0.6379225266164325,0.0864191268108832,-0.9953689809588286,-0.04209900552540413,0.9551938087383485,0.07077575749540693,0.28739446741174185,-0.28308394915496693,-0.065049088355909,0.9568866671842038,221213_040425
0,0,0,0,-0.030155218903652487,-0.05733184382452894,0.6361001483602015,0.09272410259552416,-0.9955649858079829,-0.01589338953796654,0.9552065663049426,0.08443717510270182,0.2836384655659327,-0.2810385320303531,-0.0414815922286805,0.9587995729141715,221213_040425
0,0,0,0,-0.030386644396665222,-0.057658121570616165,0.6350716136865374,0.09261995076084162,-0.9951205817244814,-0.03400841880165317,0.9522117520139561,0.07853881591116679,0.2951684836187358,-0.2910572521817165,-0.05972170646926617,0.954839773851523,221213_040425
0,0,0,0,-0.029822278572232085,-0.0578660839559267,0.6365282429117275,0.0948076387956967,-0.9945777359115826,-0.04273919576893792,0.9509959764674313,0.0777934911345402,0.2992571226885952,-0.2943096402918893,-0.06901666440861363,0.953214842344142,221213_040425
0,0,0,0,-0.02822627813787169,-0.05803426459569066,0.6386032085740349,0.10071483607895246,-0.9929044975247597,-0.06322325987083027,0.9536251598722821,0.07822309095591923,0.29065478234473713,-0.28364692180976386,-0.08956454006138109,0.9547369359731711,221213_040425
0,0,0,0,-0.026128216751117157,-0.0589079079230257,0.6383405702949292,0.10038181560354714,-0.9918164924284345,-0.07888939373003706,0.9451551258785278,0.07028830670765618,0.3189691865458393,-0.31081389789016733,-0.10658142092845178,0.9444761095926105,221213_040425
0,0,0,0,-0.02520434823530015,-0.05997296205784219,0.6363153105532652,0.09210530713394244,-0.9932849716292522,-0.07001126718777057,0.943895892505447,0.06469959841811629,0.32384333569780366,-0.3171390176391232,-0.09591103742536461,0.943516781191984,221213_040425
0,0,0,0,-0.02696969438735705,-0.05985394145224125,0.6389117090253229,0.08606223204183133,-0.99504380665393,-0.04981079256179671,0.9475524825464985,0.0663039066689678,0.31264690112073773,-0.307794712488609,-0.07410543030095157,0.9485624914384742,221213_040425
0,0,0,0,-0.027888985803118424,-0.05915432471003282,0.6361405303196526,0.09030568504953074,-0.994492159061684,-0.05319989485484411,0.943395994089549,0.06830371827741738,0.32455908615423357,-0.31913771570205723,-0.07949809830625255,0.9443681330827308,221213_040425
0,0,0,0,-0.026675291149836494,-0.0593330397711484,0.6364239481484636,0.09146252283925274,-0.9932657979512477,-0.07111723796766573,0.9453973650818436,0.06417585807891873,0.3195391702689075,-0.3128233191630485,-0.09645990804528554,0.9449005540942965,221213_040425
0,0,0,0,-0.025437527871780732,-0.0586038886361135,0.6354421767496351,0.08589439777335822,-0.9935569884902167,-0.07393688560795009,0.9474977896778238,0.0585188403852519,0.31436202677105163,-0.3080098878068527,-0.09705697266150681,0.9464194910667222,221213_040425
0,0,0,0,-0.025158938647999417,-0.058177306246375904,0.6348835170331187,0.08319110438942923,-0.9938258916648334,-0.07341210531694548,0.9474699344549189,0.056049993688673805,0.31489541360821965,-0.3088364671706684,-0.09575225983807766,0.946283013311262,221213_040425
0,0,0,0,-0.025597048072330708,-0.05852591238979443,0.6348763048818054,0.08652600771251734,-0.9934542967893529,-0.07457754474441752,0.9469442027557413,0.058754738607630475,0.3159818943522592,-0.30953178650443414,-0.09796142547922262,0.9458296000133704,221213_040425
0,0,0,0,-0.025739039445618988,-0.05858666496527168,0.6349862751766638,0.08361287284278818,-0.9939483659355598,-0.07124277752169372,0.9473686279639503,0.05711576256730455,0.3150086862549305,-0.3090332833930313,-0.09383195362127537,0.9464111126962411,221213_040425
0,0,0,0,-0.025729739466958196,-0.058761805207895014,0.6345197424754182,0.08219022611333593,-0.9938128435051101,-0.07470474426518081,0.9475945378626409,0.05470768979511431,0.31475650984557735,-0.3087221380858945,-0.09665971633296333,0.9462280595575809,221213_040425
0,0,0,0,-0.02545794219170877,-0.05912710196352143,0.6345910792183523,0.08255584610517083,-0.9933923601033764,-0.07972547373394834,0.9502756502274344,0.05436396296299109,0.30662802891416363,-0.30026774861560823,-0.10107511275878757,0.9484846338882419,221213_040426
0,0,0,0,-0.02630274944255748,-0.060124907450822995,0.6357328313195417,0.07884595669030048,-0.9937903558218372,-0.0785114245769194,0.9500496479210231,0.051051295873158875,0.30789516344822854,-0.30197513407353826,-0.09886603999947233,0.9481753659192436,221213_040426
0,0,0,0,-0.027192957326365324,-0.06145926732103354,0.6350058348599382,0.08637696361354902,-0.9931615858804639,-0.07854351970917561,0.9474144889040055,0.05750248641396599,0.3148003339753217,-0.30813115125164825,-0.10160476557530951,0.9459025664626988,221213_040426
0,0,0,0,-0.027072461933661484,-0.0634082605003464,0.6355714989564791,0.0900482768209987,-0.9923645746626196,-0.08428439236446383,0.9528212275820224,0.061209838509714565,0.2972962561800975,-0.28986723876743337,-0.10707897377306533,0.9510578727212403,221213_040426
0,0,0,0,-0.025580852506338386,-0.06375592384161843,0.6356039050748733,0.0925681773718583,-0.9906957212690011,-0.0997653266287763,0.9546554638881071,0.059831988702232775,0.2916386092349897,-0.28295596443021886,-0.12223796868088954,0.9513116215027201,221213_040426
0,0,0,0,-0.02586515881246366,-0.06387231170320289,0.6392021658950545,0.08895417562685537,-0.9927855738156631,-0.08039875037617983,0.9560951159423093,0.06247974078165641,0.2863187232143906,-0.27922980483789395,-0.10233809855260043,0.9547552721377505,221213_040426
0,0,0,0,-0.02837310947123091,-0.06312306702987538,0.6423067600678044,0.095368944741969,-0.9933938536499817,-0.06382331791158741,0.9551307334046976,0.07325762461891516,0.2869818853882566,-0.28041049638807647,-0.08832877201475423,0.9558075023506345,221213_040426
0,0,0,0,-0.029076935351054056,-0.061418135173562996,0.6372469833109097,0.09593228511845206,-0.9932463901341861,-0.06525798922247467,0.9510344919588529,0.07210823482883766,0.3005558144079669,-0.2938203392832416,-0.09089560470824593,0.9515290837742181,221213_040426
0,0,0,0,-0.026997873917362337,-0.059845193484838285,0.6380033045662817,0.11838109750199766,-0.9907255759956173,-0.06669894168857438,0.9503654016104186,0.09358170908082031,0.2967289455839798,-0.28773515457116167,-0.09851546474369384,0.9526296153438879,221213_040426
0,0,0,0,-0.026737879787263802,-0.06073220805607102,0.6369962307243817,0.11374061091251991,-0.9908992487657088,-0.07198438875755869,0.9472042367745109,0.08629208910638521,0.30880059778774904,-0.29977859707734644,-0.10330708665531314,0.9483988815794383,221213_040426
0,0,0,0,-0.027033565105663404,-0.06150767831592588,0.6372005379774067,0.09798593900677299,-0.9926335469216733,-0.07125585788311717,0.9506034915716788,0.07216504405082938,0.3019026469391671,-0.29453651313325235,-0.09731828164759102,0.9506720751597081,221213_040426
0,0,0,0,-0.02652819524371323,-0.062133409630780206,0.6367672236025859,0.08923370191096364,-0.9931826479278622,-0.0750038285573863,0.9503544178917755,0.062363416252245674,0.3048561705246155,-0.29810036369794907,-0.09848366447462081,0.9494404357276979,221213_040426
0,0,0,0,-0.028694228175342607,-0.06331064715150653,0.6383682713910923,0.0951749094280393,-0.9942129807854411,-0.04982253960903199,0.9496947984593365,0.07568432321066676,0.3038941805948634,-0.29836475394162193,-0.0762393078265562,0.951402145019383,221213_040426
0,0,0,0,-0.030564439846570077,-0.06501498475285356,0.6371546303655975,0.10345187182256876,-0.9938750702404258,-0.03885942576770357,0.94896413904927,0.08692354918983258,0.30316886283838673,-0.297934175641004,-0.06823958785654848,0.9521442042223877,221213_040426
0,0,0,0,-0.029495820152879368,-0.06528267982069819,0.6384660751663235,0.1043383692812413,-0.9933134728426983,-0.04941507224428582,0.9504531742884218,0.08496010073100302,0.29903268177381637,-0.2928348821107108,-0.0781672946503498,0.9529625416910422,221213_040426
0,0,0,0,-0.02801735546949812,-0.06580659633231095,0.6399033729365161,0.09911364970917114,-0.9930823663488836,-0.06295949561607628,0.9487764464203171,0.07523745999230103,0.30685921744660344,-0.29999956526528937,-0.09014842350706936,0.9496702178018576,221213_040426
0,0,0,0,-0.027002794027380664,-0.0662091439517362,0.6375882726254212,0.09565235624274943,-0.9933338922748316,-0.06433043761193924,0.9452518294559691,0.0703851504143681,0.3186611201751645,-0.3120089832927156,-0.09128915083009699,0.9456831844150374,221213_040426
0,0,0,0,-0.026057209908167154,-0.0654035386309307,0.6368241418929236,0.09670917485823188,-0.9922448421665635,-0.0780865461657197,0.9464088536731663,0.06738431985585347,0.3158633171588746,-0.3081519384772452,-0.10444867941441426,0.9455859856096119,221213_040426
0,0,0,0,-0.025723699927608538,-0.06515299383186372,0.636753559681858,0.09168072080747952,-0.9928807663249771,-0.07604228622382836,0.946675186141941,0.06321815449246654,0.3159265055130513,-0.30887009789771214,-0.10095171521322624,0.9457314702494388,221213_040426
0,0,0,0,-0.025966148763468692,-0.06547868900184299,0.6366063734709388,0.09357947129091443,-0.9926267198251746,-0.07703945509949611,0.9460151513338073,0.0645331350005699,0.31763313418765265,-0.31031953854017297,-0.10260443253638067,0.9450788932274921,221213_040427
0,0,0,0,-0.026214077570575194,-0.06557136370757546,0.6370693961843154,0.086102732742806,-0.9941321705460694,-0.06547936239444252,0.9470760360457647,0.0612723378721994,0.31510741432012696,-0.3092463441369387,-0.08914554445981529,0.9467944711186802,221213_040427
0,0,0,0,-0.026664939233168157,-0.06594201587770696,0.6370612885780397,0.08743565130690834,-0.9934798563333959,-0.07316270867260527,0.9467868331258338,0.06003947156380579,0.3162118822465308,-0.3097574849783162,-0.09691768112225255,0.9458632372525078,221213_040427
0,0,0,0,-0.02687630994937243,-0.06585748224422044,0.6365519876480803,0.08560016433144396,-0.9936240928619675,-0.07337420494057151,0.9493056098646744,0.05898087667732954,0.30877194701888316,-0.30247557082496446,-0.09608547377520128,0.9483016981865565,221213_040427
0,0,0,0,-0.026471909787848913,-0.06604010476292799,0.6368150517229474,0.0886794256817657,-0.99292862726053,-0.07892211747838107,0.9503275738382255,0.06060868464332343,0.30529344858440394,-0.2983512390849149,-0.10207511211027603,0.9489821966845167,221213_040427
0,0,0,0,-0.02612970159860391,-0.0669855312554176,0.6363361752590443,0.08907271878525824,-0.9922763717361236,-0.08633454037867117,0.9488510813747231,0.058174898611887293,0.3103180731854262,-0.30289878861134656,-0.10955949646512043,0.946704304728825,221213_040427
0,0,0,0,-0.027031536904234862,-0.06827418393256228,0.6376024466809314,0.08883991586318424,-0.9929626565001095,-0.07831112402250145,0.949702002843426,0.06074111522543452,0.3072077842704445,-0.3002891525590091,-0.1016645450361911,0.9484148591929464,221213_040427
0,0,0,0,-0.02598108322425666,-0.07039744071178258,0.6388081421296669,0.09889128375783018,-0.9911289684736597,-0.08879122619418395,0.9555937414849405,0.06969481855344495,0.28632714419281835,-0.2775988386710954,-0.11316359891387709,0.9540088493558738,221213_040427
0,0,0,0,-0.025591787342345927,-0.06951364257273754,0.6367900773612178,0.10434938352549022,-0.9912941187531675,-0.08029431040384971,0.9515002113394577,0.07601373211198692,0.298109477124385,-0.28941070121683005,-0.10750759347965512,0.9511485495785588,221213_040427
0,0,0,0,-0.02818631708850284,-0.06847340720981342,0.6397930907169439,0.10791254615229157,-0.9915613953355928,-0.07183927660452416,0.9508792148648145,0.0818553696293794,0.29854382793973744,-0.29014410406038466,-0.10052709954519493,0.951688342439912,221213_040427
0,0,0,0,-0.028267134902335622,-0.0678782247918058,0.6397390204915498,0.11290954825012481,-0.9909393443407734,-0.0727368527737543,0.9525926134692564,0.08714345091223223,0.29150185544335605,-0.2825221171479583,-0.10220193149146169,0.9538008274905458,221213_040427
0,0,0,0,-0.027439214395253146,-0.0678723763923132,0.6396680501316369,0.11480887010252161,-0.9911040660423818,-0.06731755803682249,0.9508553405512382,0.09002399620927232,0.29625968583609574,-0.2875639836470687,-0.09802249935995071,0.9527321475253456,221213_040427
0,0,0,0,-0.02792270599574307,-0.06805814736112425,0.6392091310095378,0.11273550290236051,-0.9915398016686015,-0.06433916452939797,0.951004553571283,0.08891230862723998,0.2961164305830715,-0.2878906831976965,-0.09456967315986409,0.9529824402613093,221213_040427
0,0,0,0,-0.027359790325505357,-0.06951297855434695,0.6402902848741538,0.10536535911380523,-0.9918888193574468,-0.07109649170324028,0.9487741234908496,0.07885508184210605,0.3059567594642174,-0.2978687692474473,-0.09969175543325966,0.9493870392024772,221213_040427
0,0,0,0,-0.026849024016963464,-0.07008830112610384,0.6387924407418236,0.09566060393407594,-0.9926812148039742,-0.07370925742587409,0.9492503514115904,0.0686849552595955,0.3069301993384803,-0.29962112609083436,-0.09932966674812381,0.948873436293675,221213_040427
0,0,0,0,-0.02734997042939314,-0.07136088131795784,0.6392880760225791,0.08867243226513671,-0.99354215283037,-0.0707897613032964,0.943761929945649,0.061078011732798976,0.3249352182636282,-0.31851313841260664,-0.09562147788003009,0.9430831954958113,221213_040427
0,0,0,0,-0.028300030107810667,-0.073124800761612,0.6395546230724288,0.08413895674944757,-0.9947324821014327,-0.05854848426251591,0.9451465295804066,0.06105767826681813,0.3208893852198597,-0.3156242601246433,-0.08233619481728047,0.9453052826699861,221213_040427
0,0,0,0,-0.028658733730370523,-0.07383495251582399,0.6393750609198565,0.09280372721722036,-0.9937972215573836,-0.06127438811948205,0.9479260577641894,0.06935426949653112,0.31084750974432096,-0.3046697510850642,-0.08693139667247757,0.9484826171556006,221213_040427
0,0,0,0,-0.02819370727159158,-0.07365494018270373,0.6411553383715766,0.1024257462919484,-0.9927627492872507,-0.06269840607349947,0.9492689288396065,0.0787103472751336,0.30445555007510383,-0.29731711561267976,-0.09070173570250965,0.9504607976683249,221213_040427
0,0,0,0,-0.027156635245471863,-0.07313558674446236,0.6395162032436437,0.09893627531037152,-0.9928514256154474,-0.0667657103690561,0.9452171604392461,0.07279020279642526,0.3182233586461314,-0.3110886256983364,-0.09459192899095284,0.945661796802055,221213_040427
0,0,0,0,-0.027284246329806708,-0.07431676328951083,0.6402228030624696,0.08802212728747527,-0.9940433226319991,-0.06426490362960408,0.9441741709080387,0.06269675515201356,0.3234258058404213,-0.31747006173481124,-0.08914588955270633,0.9440687317552424,221213_040427
0,0,0,0,-0.05107230709230292,0.06455580899022131,0.8014949786689525,-0.1693844365678642,0.9851084491522809,-0.02950010266718961,-0.9473017357201211,-0.15447988698483792,0.28063390033778524,0.27189765381524295,0.07548051355110835,0.9593614323725065,221213_040427
0,0,0,0,-0.050955985716567426,0.06441561491700813,0.800041429121892,-0.16987046625625152,0.9851037961987172,-0.026730795138955543,-0.9424017201185427,-0.154456397250136,0.29668538768554203,0.288137159372921,0.07558923245664771,0.9546010922501184,221213_040428
0,0,0,0,-0.05098329369463488,0.06448395123598354,0.8006779710549543,-0.1718887471387881,0.9843001084681033,-0.040094327238892835,-0.9450478848824455,-0.1532710953727674,0.288777538258169,0.27809846077652817,0.08752866840592011,0.9565563121535565,221213_040428
0,0,0,0,-0.05094260099329616,0.0644393840911491,0.8000145620459969,-0.1726266834486354,0.9841584638558535,-0.04039982898986749,-0.9418267848088921,-0.15291526315409315,0.2992978945984404,0.2883788057019265,0.08971644395204408,0.9533040564827836,221213_040428
0,0,0,0,-0.05097209046996069,0.06443640322805819,0.8002005962932143,-0.17096197214631859,0.9847306386356197,-0.03282641333021219,-0.9423524937288986,-0.15369608729440498,0.29723608514666683,0.28765218866326614,0.08175011977162629,0.9542395591645514,221213_040428
0,0,0,0,-0.027287576833736858,-0.07402720414140757,0.6396847492640021,0.0823830610930151,-0.9947006970992832,-0.06151060424954652,0.9470637736104447,0.058921994159795266,0.31559215344963387,-0.31029540757105745,-0.08425391263575156,0.946899170052376,221213_040428
0,0,0,0,-0.05096571918135262,0.06443940983598327,0.800270147366586,-0.17094418429927516,0.984727143014982,-0.03302331999976049,-0.9426503402427638,-0.15370373548018507,0.2962861754109341,0.28668523138532426,0.08177784240849402,0.9545281360947694,221213_040428
0,0,0,0,-0.050928393876454925,0.06435686815620412,0.7994127658653223,-0.17113376955221737,0.9847536755170249,-0.031199863374030357,-0.9395309796856022,-0.1535767571012101,0.3060975626973996,0.296639126094083,0.08169686795701192,0.9514887548658435,221213_040428
0,0,0,0,-0.026743240493124994,-0.07441378955401266,0.6385782039226942,0.09202496101767328,-0.9921511144004976,-0.08466151867020533,0.9495818950680119,0.06184929691968594,0.3073579168161825,-0.29970924428308604,-0.1086776456516722,0.9478204145442696,221213_040428
0,0,0,0,-0.02758040919982288,-0.07630966681580867,0.6387879247738921,0.09655227184459247,-0.9919739115679389,-0.0816420086123052,0.9497578393273882,0.06728600934202172,0.3056675311232722,-0.297720851533478,-0.10705303225705047,0.9486316159852315,221213_040428
0,0,0,0,-0.051029707674832725,0.06453906424550891,0.8015051060360415,-0.17028019868251373,0.9846848347711821,-0.037422320990192104,-0.9469888255176543,-0.15302598917380497,0.2824804612394853,0.2724276386149862,0.08353934886643442,0.9585428310251111,221213_040428
0,0,0,0,-0.025853329251684525,-0.07727873539434521,0.6403885335039065,0.09960135667466163,-0.9919347346448499,-0.07839038176727026,0.9540006600224145,0.0728087700250803,0.29082920019185304,-0.2827760782410082,-0.10375145884510012,0.9535582438226564,221213_040428
0,0,0,0,-0.027742185233146366,-0.07697286332900194,0.6447674814333079,0.10714390129368831,-0.9923796637625554,-0.06085053299755061,0.954764734259677,0.08562134674071854,0.28476883115319107,-0.2773886923247189,-0.08860918650356253,0.9566629110807836,221213_040428
0,0,0,0,-0.05093934332073767,0.06437592721989006,0.799616948453371,-0.17006848859576024,0.985078230559888,-0.026411907612950758,-0.942426370228564,-0.15475644148543868,0.29645063757154866,0.28793965667230914,0.07530819009752794,0.954682895321618,221213_040428
0,0,0,0,-0.02920799410814484,-0.07429926969249927,0.6424071369000417,0.09705254316523876,-0.9932090786830629,-0.0641601892664116,0.9546491389708898,0.07466601266865752,0.2882186808905748,-0.28147082500198606,-0.08922282540754968,0.9554127182003573,221213_040428
0,0,0,0,-0.02877220538431296,-0.07356500413317274,0.6414681451772445,0.10467232597512444,-0.9925008852687485,-0.06313237612911832,0.9532134931023706,0.08202129213127635,0.2909579766988574,-0.28359785038419183,-0.09063388095997481,0.9546505951810843,221213_040428
0,0,0,0,-0.029615739725565905,-0.07395599301889628,0.6418700618398382,0.10466812800123301,-0.9926831766213465,-0.06020543026728886,0.9522620416801149,0.082581330248749,0.2939002005265829,-0.28677794014870805,-0.08809332975486292,0.9539381417559343,221213_040428
0,0,0,0,-0.029684173366436608,-0.07450467802099978,0.641484277961947,0.10539273352518924,-0.9923897001441675,-0.06367931192984455,0.9495272722137305,0.08140185602586247,0.30293843790099817,-0.29544937136917476,-0.09239275341342958,0.9508802490714825,221213_040428
0,0,0,0,-0.05095537275424626,0.06444287052588463,0.8002827432784984,-0.1717877449945679,0.9842705007313206,-0.0412377504211382,-0.9427028806775348,-0.15209156714989897,0.2969502213573256,0.2860074289803641,0.08988735501728112,0.9540021037587073,221213_040428
0,0,0,0,-0.028839840546727433,-0.07529554382883724,0.6405018427648425,0.09352418052439165,-0.9930183602511212,-0.0718871606158854,0.9517456626846731,0.06797243283967935,0.2992656711598699,-0.29228996085762693,-0.09640686997319445,0.9514579834148319,221213_040428
0,0,0,0,-0.029419211793734284,-0.0756912427290628,0.6412941530176455,0.09991442707706372,-0.9931630176854559,-0.06036826619823932,0.9482985626604689,0.07668093251103408,0.30797706188176915,-0.3012423332102428,-0.08801849175688907,0.9494765935982263,221213_040428
0,0,0,0,-0.030556131406519013,-0.07704284345713361,0.6415952889659489,0.10138266320747619,-0.9933996432667167,-0.053653558675255564,0.9468612131311049,0.07980441479788636,0.3115848174200075,-0.3052464556204578,-0.08239177226110894,0.9487023754554542,221213_040428
0,0,0,0,-0.03113294476982631,-0.07764392156724718,0.6416335603465986,0.10598300556461998,-0.9925783158990751,-0.05963127818893377,0.9510576879629754,0.08367859571277003,0.29746792564251157,-0.29027035104882787,-0.08823933038331051,0.952867747316224,221213_040428
0,0,0,0,-0.051051730991922485,0.06450683247591033,0.8013903480786245,-0.16943306690225718,0.9851610928878778,-0.027387166703706556,-0.9470652473252379,-0.15506642860994374,0.2811081998571782,0.2726900312605528,0.07356645824095775,0.9592852146640227,221213_040428
0,0,0,0,-0.030934204854241337,-0.07689006511656352,0.6420284007645374,0.09819753652996344,-0.9940450266317022,-0.04724117746442752,0.951036227962786,0.07975761122303893,0.29861148094858997,-0.2930654140661467,-0.07425098302900525,0.9532048334945981,221213_040429
0,0,0,0,-0.05099630403143088,0.06443071570407971,0.8004797647666518,-0.17042821192101812,0.9847627173733329,-0.034592124145453595,-0.9450077014171411,-0.15340182383865034,0.28883961761722876,0.2791319917954509,0.08191624328828641,0.9567523505285151,221213_040429
0,0,0,0,-0.030576149337348226,-0.0762344633743874,0.6414754391075749,0.08544697952462565,-0.9950009504331105,-0.051690640616303574,0.9499271368627233,0.06570615327986934,0.3054850832249436,-0.30056155499648735,-0.07520511989464576,0.9507927963545608,221213_040429
0,0,0,0,-0.050987532622111545,0.06446904299935717,0.8007500555240635,-0.17121378622653166,0.9843095556058539,-0.04266776475258627,-0.9451797029712119,-0.1518762806732573,0.28908290240017587,0.2780668417795033,0.08982368346858402,0.9563527264513383,221213_040429
0,0,0,0,-0.03053399951697012,-0.07634082963364741,0.642650075376698,0.08941676167215729,-0.9944873612808262,-0.054767974079430015,0.9517538801301244,0.06910924813808245,0.2989790351831407,-0.29354589826689326,-0.07885936897090594,0.9526867300094997,221213_040429
0,0,0,0,-0.030451261404106967,-0.07625779470410567,0.6425797355876616,0.08599495406836359,-0.9951318446943864,-0.048140207206938956,0.9524607751714366,0.067940445020606,0.2969891709982499,-0.29227271448872133,-0.07139122919203066,0.9536665836443287,221213_040429
0,0,0,0,-0.05099736063103566,0.06443373347200303,0.8005280803288135,-0.17091139886966594,0.9846094899735605,-0.036516379755120065,-0.9435762515003672,-0.15289449483765538,0.2937467124119925,0.28364264725342286,0.08466065025939906,0.9551855437331147,221213_040429
0,0,0,0,-0.030468247267640795,-0.07625612090068376,0.642649282929945,0.08495113091393028,-0.9952407071317232,-0.04774138900778696,0.9524030765318884,0.06702934978923702,0.2973809780053633,-0.2927655805743541,-0.070731896162768,0.9535645304310458,221213_040429
0,0,0,0,-0.05097924247951547,0.06442105312620008,0.8002508959571527,-0.1701700207220827,0.9849753546516264,-0.029423031392924515,-0.9437526699230993,-0.1543125635846676,0.29243551551230934,0.2835014322017938,0.07753182216890613,0.9558324929038041,221213_040429
0,0,0,0,-0.050948666704925774,0.06436950583182387,0.7997988041366868,-0.17140452881661777,0.9845725254813239,-0.03517711711442101,-0.9401238693284926,-0.152781029365823,0.3046720653173557,0.2945973486302563,0.085293019252738,0.9518074926405944,221213_040429
0,0,0,0,-0.05093464695621087,0.0643468354194733,0.7995606684662124,-0.17064714271686482,0.9849033691842692,-0.029067267708614064,-0.9400625886256465,-0.15389717801313862,0.30429917526349143,0.2952319124840992,0.07925283571624778,0.952132924481616,221213_040429
0,0,0,0,-0.03047392440528938,-0.07624725358233536,0.642554759058558,0.08701319607591895,-0.9948466373404925,-0.05204682392777449,0.9521542435572636,0.0676873885139585,0.29802804215720274,-0.2929692819811468,-0.0754889767348551,0.9531371434410558,221213_040429
0,0,0,0,-0.030487255919432892,-0.07626119640127356,0.6427252576295157,0.08594477628559033,-0.9951398231546641,-0.04806482914693133,0.9524356173415286,0.06790794229257754,0.2970772731005335,-0.2923694413725223,-0.07131089499713139,0.9536429447158026,221213_040429
0,0,0,0,-0.05099751266316003,0.06444800966083468,0.8004464053628155,-0.16951067898885047,0.9851784895269738,-0.0262578270633671,-0.9443996237384938,-0.15476223634501532,0.2900999842883156,0.2817365442950742,0.07397292731020144,0.956636046589208,221213_040429
0,0,0,0,-0.050988189819999474,0.06444374268840726,0.80036983433033,-0.16974490792697683,0.9849162713612378,-0.0335649317106162,-0.9437736638391797,-0.1526611117183973,0.2932334503641666,0.2836863367813709,0.0814525836102153,0.9554514843500885,221213_040429
0,0,0,0,-0.0509868861909997,0.06445547177481649,0.8005642784832501,-0.1711569296328082,0.9844975718505062,-0.038338446227344,-0.9443977784864674,-0.1528487109902556,0.29111871725885713,0.28074568817436024,0.08603372925239412,0.9559184358523642,221213_040429
0,0,0,0,-0.030469312498487937,-0.07622761481074118,0.6425476291129493,0.08605236131215854,-0.9950378042037843,-0.049947565685550976,0.9523173335966484,0.06742096485195231,0.297566983433649,-0.29272288472883595,-0.07317227414630902,0.9533934817546666,221213_040429
0,0,0,0,-0.030466173010332328,-0.07623340753398204,0.6425688137969977,0.08507661342091055,-0.9952871025234815,-0.04653550686563529,0.9526938710065984,0.06758093826591821,0.29632280528093174,-0.29178135306302866,-0.06954423292776178,0.9539534798255088,221213_040429
0,0,0,0,-0.05090830377260673,0.06434225770897914,0.799307066076208,-0.17173385355549897,0.9845773348123509,-0.03339094662910047,-0.9396468103999939,-0.15352712457836143,0.3057667308976218,0.29592457695855034,0.08388619548238625,0.9515207569776888,221213_040429
0,0,0,0,-0.030463076483643534,-0.07620426737082142,0.6424453546292304,0.0870743743005512,-0.9949026190253192,-0.05086090833565504,0.9524320599225876,0.06817281410390519,0.2970280098724203,-0.29204661369682694,-0.07430508780504087,0.9535132559930677,221213_040429
0,0,0,0,-0.03045377519400528,-0.07619383354294801,0.6422966009162988,0.08739595636081371,-0.9948377696590622,-0.05157285013997892,0.9518704283247219,0.06812966880336546,0.2988327892143936,-0.2937765043237617,-0.07520744835802985,0.9529109114805985,221213_040429
0,0,0,0,-0.050935778191616536,0.06436564717531816,0.7997618520307028,-0.17124714026717985,0.9847008820681082,-0.03222715942496679,-0.9407327683699098,-0.15370652062650864,0.3023179849628172,0.2927392619130518,0.0820882352787662,0.9526621889019316,221213_040430
0,0,0,0,-0.05095304182680172,0.06439648242376517,0.7999112296320543,-0.1715152929731943,0.9844648254254124,-0.037570091514809445,-0.9419150565888326,-0.15268624022986887,0.2991369890463611,0.288753407681321,0.08669440319062538,0.9534702669762944,221213_040430
0,0,0,0,-0.05099708717349057,0.06443825096201501,0.8005397383878046,-0.17093835119801845,0.984715644623722,-0.03339430075613675,-0.9439764022459628,-0.15396743979715993,0.2918948089382136,0.28229174995467243,0.08141944924645632,0.9558672717443214,221213_040430
0,0,0,0,-0.03046132197479516,-0.07620558173576224,0.6423829879255761,0.08702045548570181,-0.9949284126605131,-0.05044694250291798,0.9520829375629851,0.0681556373733084,0.29814910547522183,-0.2931987727267933,-0.07397474417035758,0.9531853003988429,221213_040430
0,0,0,0,-0.0510160479261477,0.06450763501541071,0.8009793325520735,-0.17037431988790833,0.9845834405498156,-0.039598481256486184,-0.9472697203781725,-0.15258485022878837,0.28177640131018294,0.27139025033591707,0.08551790500091666,0.9586626205015311,221213_040430
0,0,0,0,-0.051010273658529295,0.06446536416778556,0.8006069538926428,-0.16897228005864282,0.985297757810132,-0.02523285608309428,-0.9448179624145943,-0.1546341850785248,0.2888031971842332,0.2806552804964094,0.0726401903867755,0.9570559107335657,221213_040430
0,0,0,0,-0.0509668242932085,0.06440276294760952,0.7998484180824053,-0.17004818050810788,0.9850601954514091,-0.027203449103280597,-0.9437347528184477,-0.15484454928452632,0.29221204951126717,0.28363415278944354,0.07536296765722972,0.9559665739330586,221213_040430
0,0,0,0,-0.05091832279480999,0.06431763467764028,0.7990922018565246,-0.16977867753474685,0.9852553933746437,-0.021142622371123743,-0.9401060735918269,-0.15548888483901568,0.30335421059757456,0.29559392931910944,0.07137938440260534,0.9526432765899282,221213_040430
0,0,0,0,-0.05099954498385986,0.06442203582808725,0.8002638878085326,-0.16965008909967866,0.9851212095101685,-0.02747817027557231,-0.9440860127565336,-0.1544585866409027,0.2912801838957904,0.2827020477215226,0.07535746536420176,0.9562430677541882,221213_040430
0,0,0,0,-0.051037197033852885,0.06449638698077928,0.8011309838954647,-0.17151859890003462,0.9841957033432284,-0.044047562385401695,-0.9464850854390972,-0.1522093325414699,0.2846020065435675,0.27339962193227985,0.09050489825422227,0.957633285824631,221213_040430
0,0,0,0,-0.050949858409354926,0.06433885556028895,0.7994502836460327,-0.17084220003985018,0.9848614014016004,-0.029342166157600824,-0.940144169578774,-0.15402863067013445,0.3039804621039328,0.2948590902322344,0.07951855735084612,0.9522262945037063,221213_040430
0,0,0,0,-0.05094196685990597,0.06434742468041227,0.7994304482427803,-0.17259454554151954,0.9841008633358184,-0.04191197479256198,-0.9411271820105703,-0.1522021210836128,0.3018511911828273,0.29067292637973474,0.0915423678923885,0.9524333282442902,221213_040430
0,0,0,0,-0.050983965951954105,0.0643680033642462,0.7999414656107197,-0.17072064398772563,0.9848428959686563,-0.03064199694025177,-0.9423469306312782,-0.15411212352061782,0.29703823948066826,0.2878136967661981,0.07958595129817936,0.9543738011438383,221213_040430
0,0,0,0,-0.0509167858906525,0.06427908110396602,0.7987998127466408,-0.17049599257744713,0.9851060579508054,-0.022297334003331004,-0.9397044085245441,-0.15574677503750964,0.304464393098688,0.2964569802088799,0.07286286196712506,0.952262706521363,221213_040430
0,0,0,0,-0.051036725937153644,0.06449041545559521,0.8012651547573918,-0.17103366344746618,0.9843820057297958,-0.041707946042957744,-0.9478734396581168,-0.1528439523633081,0.2795973329927398,0.2688557761299336,0.08735441042870305,0.9592110188171448,221213_040430
0,0,0,0,-0.050966442912189984,0.06437552850844752,0.7998670471682122,-0.1716060125000196,0.9844781797051383,-0.03679796405101121,-0.9425866598048385,-0.153212129527242,0.29674304056487144,0.28649915398095044,0.08560815995093046,0.954248121673821,221213_040430
0,0,0,0,-0.030470106754909302,-0.07626791139254846,0.6427296855499012,0.08535709909085776,-0.9951593429066953,-0.04870367399189046,0.9529032143606083,0.06725988239228381,0.2957221200414279,-0.2910148272786356,-0.0716518698017782,0.9540316451029782,221213_040430
0,0,0,0,-0.05097323990057687,0.06439047113596641,0.7998620052276818,-0.16954249113476746,0.9851428845287082,-0.02736495500222469,-0.9431791217304716,-0.15414368510576582,0.29436859321903,0.2857769900316568,0.07571803883138338,0.955300104974335,221213_040430
0,0,0,0,-0.05099507189213037,0.06441262929859973,0.800222527027688,-0.17184607833211862,0.9842624283735126,-0.041187345801192266,-0.9452840056672231,-0.15298249687823573,0.2881570826452637,0.2773212469170005,0.08845240381796493,0.9566969730626431,221213_040430
0,0,0,0,-0.050994890721545824,0.06441193784004408,0.8000783636979838,-0.16988490994399394,0.984986508968203,-0.03067074377894219,-0.945253668458799,-0.1540743380763511,0.28767446986397227,0.2786298972445427,0.07786318447743201,0.9572370160334007,221213_040430
0,0,0,0,-0.050994488944781695,0.06439927216745224,0.8002213947470329,-0.17110071368531465,0.9846409604268078,-0.03473794504787908,-0.9442899710617398,-0.15382411289471187,0.290954623342496,0.2811423061878002,0.08258523682794909,0.9561059995259296,221213_040430
0,0,0,0,-0.05096321813399068,0.0643731999647133,0.7998804666742615,-0.1715033944502291,0.9844493246470685,-0.038027791074167594,-0.9433045422951895,-0.15295604079842046,0.2945861335306454,0.28418853984162074,0.08639430991218877,0.9548679997976077,221213_040431
0,0,0,0,-0.05093829758329809,0.06433399293003704,0.7994562032425397,-0.17139529981560458,0.9845449517944366,-0.03598456748678319,-0.941504215616976,-0.15292652685562674,0.3003053268913799,0.29016109866173034,0.08535054352473093,0.9531641104990528,221213_040431
0,0,0,0,-0.03046999880586022,-0.07625534565362771,0.6426519998032705,0.08672809320770206,-0.9949489236813481,-0.050545792247071675,0.9523343303244542,0.06790468477686537,0.29740255054526354,-0.2924680514757632,-0.07392964933423177,0.9534132607716802,221213_040431
0,0,0,0,-0.05107544441746978,0.06453322969227238,0.8016445777664103,-0.17091268329302195,0.9845587905940983,-0.03785290680338832,-0.9492655744133324,-0.15424984856473264,0.27404717377028953,0.2639767488308493,0.08277059913788193,0.9609710214127432,221213_040431
0,0,0,0,-0.05099377588766932,0.06441301419349597,0.8003629653226322,-0.1709623092794097,0.9846828481278066,-0.03422831296984802,-0.944523941564252,-0.15390395615719843,0.2901518500562986,0.28043967732434216,0.08193449140669355,0.9563683006562614,221213_040431
0,0,0,0,-0.050957915436238684,0.06436240840114064,0.7995018205277592,-0.17033015275491203,0.9850381686277498,-0.02621918017361985,-0.9426405733097803,-0.15513150161259492,0.29557226994024716,0.2870825466877032,0.07506013291961185,0.9549605163740504,221213_040431
0,0,0,0,-0.05097615790000506,0.06443494846150757,0.8001624771157704,-0.17098853968401606,0.9845761297807623,-0.03705082944636867,-0.9450387954065077,-0.15325367653535218,0.28881652619788645,0.2786836817492988,0.08439878727999517,0.9566672620259992,221213_040431
0,0,0,0,-0.0509840079607714,0.06437415255400217,0.7999578153597035,-0.1717538901070924,0.984502951682526,-0.03541947714852317,-0.9429633062115591,-0.15388681719145877,0.295193242865157,0.2851680283125119,0.08409985507167474,0.9547808177824257,221213_040431
0,0,0,0,-0.050983660231985826,0.06440286191322121,0.799869290176995,-0.17055577293063945,0.9848300156390787,-0.03194633963952637,-0.9438926740100839,-0.15398910512439506,0.2921540269328516,0.2828026666602094,0.07998247182551825,0.9558375677543516,221213_040431
0,0,0,0,-0.05101414818412676,0.06446827033250829,0.8006996374324499,-0.1718118596775371,0.9840543698697886,-0.046018279132528705,-0.945819937245031,-0.15171183757080153,0.2870682229901041,0.2755092215951248,0.0928467311275084,0.956804135304078,221213_040431
0,0,0,0,-0.05096884550061746,0.06436899951260588,0.7998348611997927,-0.17150352998538076,0.9845143805523554,-0.036303907340189734,-0.943413822016637,-0.153504367034956,0.293950284451569,0.2838254738928736,0.08466311940159728,0.9551310154019064,221213_040431
0,0,0,0,-0.05098650437451287,0.06439620735847677,0.7999755140628164,-0.17092877433297865,0.9846268519786032,-0.03596270940475654,-0.9430151633282016,-0.15291092642299786,0.29553451628117067,0.285492129205186,0.08442873292408147,0.9546549288715391,221213_040431
0,0,0,0,-0.05097883222834489,0.06434949204644853,0.799678441260992,-0.1705804294251178,0.9850047169627365,-0.025846172991425498,-0.9420642199985139,-0.15534323309502662,0.29729360122642445,0.2888205714552454,0.07506122496165693,0.9544362157899925,221213_040431
0,0,0,0,-0.051035280381603466,0.06449328718228066,0.8010673191888897,-0.171207707700128,0.9843476621955448,-0.04180431501929066,-0.94736493723033,-0.15282772057652055,0.28132430312711626,0.2705320619273068,0.08776883133293696,0.9587017449216467,221213_040431
0,0,0,0,-0.0509256425388259,0.0643235718916181,0.7992378055448989,-0.17323917959310298,0.9838893087010412,-0.04415897278805303,-0.9421143997561253,-0.15248124556606257,0.2986133411667633,0.2870690586358347,0.09333433438134914,0.9533520113785496,221213_040431
0,0,0,0,-0.050919141423167384,0.06428469587274689,0.7987670123727568,-0.1706460514701444,0.984836955941937,-0.031242524364518742,-0.9413631450121297,-0.15358304493925273,0.30041251225616333,0.2910590220737383,0.08067477002264212,0.9532975543613196,221213_040431
0,0,0,0,-0.05100392159508445,0.06441569915534873,0.800086742052659,-0.16939630968727845,0.9850058334396273,-0.03268636342936765,-0.9459786360875547,-0.1532022781266644,0.2857507341070701,0.2764585146640646,0.07932572134374384,0.9577463754058451,221213_040431
0,0,0,0,-0.05096074180007489,0.06432048741836653,0.7993712129684583,-0.17101306860485865,0.9846527078477141,-0.03483640760059081,-0.9429892167347742,-0.15332586156952066,0.29540229737749446,0.28552734980783795,0.08336801006458472,0.9547376118125774,221213_040431
0,0,0,0,-0.051015413262733636,0.06443681314567894,0.8004691440579611,-0.17155648935998552,0.9838934020752982,-0.050220954901041115,-0.9479292953019505,-0.15097191270075527,0.2804238447133607,0.26832521697899514,0.09571444472058883,0.95856159061638,221213_040431
0,0,0,0,-0.051000314022020744,0.06439695680574112,0.8002239766808262,-0.17056749149450495,0.9844408933287817,-0.04222390776921214,-0.9487446173940961,-0.152509859620177,0.27681111553614307,0.2660646196152393,0.08727468281618024,0.9599962228719096,221213_040431
0,0,0,0,-0.050972235631310356,0.0643168104126312,0.7992570700712346,-0.1711995934787275,0.9844797431213737,-0.03860485172091177,-0.9437800612570356,-0.15262331742057278,0.2932325339269246,0.28278948913703317,0.08663577992500746,0.9552614021671771,221213_040431
