0,0,0,0,-0.04062094051226717,-0.037225306182207124,0.7848068028438291,0.9962352938343826,-0.08662756303548833,0.003302217626746873,0.049915326768312646,0.6043479059914256,0.7951553739222235,-0.07087806058530716,-0.7919970163114953,0.6063967568196209,221218_155427
0,0,0,0,-0.03716340758757161,-0.03132535606080912,0.775502020323989,0.9938583565361228,-0.10870409815770093,-0.020711981726492593,0.08556858397050737,0.6362469379426576,0.7667254080802816,-0.07016825906775703,-0.7637887489367154,0.6416409918459756,221218_155427
0,0,0,0,-0.03634028519103854,-0.031145708227697383,0.775581982529928,0.9936523998420095,-0.10915928992891406,-0.027187455019365953,0.09076502914420714,0.6351797131841057,0.7670126735874765,-0.06645763893388022,-0.7646116539666216,0.6410556924681048,221218_155427
0,0,0,0,-0.03544329373669944,-0.030831809564215478,0.774605412365661,0.9936368149239434,-0.10907130654666952,-0.02809501941632138,0.09158005009315151,0.6371730995441749,0.7652604364804213,-0.06556656505214281,-0.7629638859772275,0.6431074049035601,221218_155427
0,0,0,0,-0.03476375068332659,-0.03023117864688124,0.7746018861911267,0.9932884647920666,-0.10930349775826001,-0.03782553487831533,0.09940333130779083,0.6395098655236624,0.7623293970606281,-0.05913546681928002,-0.7609729806476162,0.6460829043461438,221218_155427
0,0,0,0,-0.03364602349087157,-0.0298757470591478,0.7751151841608598,0.9925824896391504,-0.11108089880760952,-0.04940683335166997,0.10975775768014415,0.6440154522299462,0.7570979671866018,-0.05228035855627661,-0.7569049684135729,0.6514304513147013,221218_155428
0,0,0,0,-0.03240676063185802,-0.029280903352877898,0.7745680182206185,0.9922349653176595,-0.11266013510466333,-0.052701684596062406,0.11352831010622488,0.6472826956532616,0.7537482568552131,-0.050804491981405686,-0.7538785086909205,0.6550466378270061,221218_155428
0,0,0,0,-0.03168456348054321,-0.02916662264773276,0.77335506388978,0.9920669188769611,-0.11104023400256163,-0.05893466639109644,0.11722430294790975,0.647802664970916,0.7527351260934723,-0.045405850596042796,-0.7536721924611756,0.6556802079081041,221218_155428
0,0,0,0,-0.0323039642199234,-0.029271074515303953,0.7741139124689261,0.9921661286129895,-0.11354943800829537,-0.052085490888673994,0.11362335161802128,0.6469348290099559,0.7540325331051354,-0.05192405223209551,-0.7540436672646086,0.654768692484559,221218_155428
0,0,0,0,-0.032919257146707764,-0.029721388408156864,0.7747014210005327,0.9934700586246652,-0.10048747985337,-0.054032481055586154,0.10639548900756665,0.6449592870023125,0.756774416869591,-0.04119760351215207,-0.7575815365372808,0.6514391552268471,221218_155428
0,0,0,0,-0.033544847207812034,-0.03048858349653023,0.7742381459051552,0.9939395418840562,-0.09926414023937286,-0.04723153122491637,0.10016770648748419,0.6408359156897525,0.7611148137693248,-0.04528374605031388,-0.7612331834757433,0.6468952177277522,221218_155428
0,0,0,0,-0.03419622843585751,-0.030940418958458133,0.7750469961095705,0.994140521874739,-0.10033689683270475,-0.04021355369281496,0.09549832459250385,0.6409563536546021,0.7616134339084507,-0.0506427958020339,-0.7609911036561339,0.6467826894634496,221218_155428
0,0,0,0,-0.036571003241650864,-0.030060817455771466,0.7736592076580631,0.9967097015132564,-0.0750326752143552,-0.030657275800906866,0.07163738930018107,0.6385251492886614,0.7662595631900118,-0.03791906332717215,-0.7659345477102274,0.6417993559207734,221218_155428
0,0,0,0,-0.03758307924855928,-0.029691407318079184,0.7724888610467694,0.9967829641759076,-0.07458337019231803,-0.029343537950416734,0.07017083302846272,0.6352010137734678,0.7691526027344967,-0.038726948250326965,-0.7687372717592887,0.6383911265731236,221218_155428
0,0,0,0,-0.038011673163234644,-0.03001496198726216,0.7715490387952018,0.9965607661552672,-0.0783705764265684,-0.026920106065810696,0.07048369954438341,0.6308523407705768,0.7726948765475421,-0.0435739309514781,-0.7719348268441136,0.63420654021114,221218_155428
0,0,0,0,-0.039173770277970525,-0.03046621605474176,0.773539091191046,0.9965722918586933,-0.08099481144864651,-0.01683768445807965,0.06399168403783839,0.6257546693207539,0.7773906085085379,-0.052428346087904754,-0.7758034121745482,0.6287927593291887,221218_155428
0,0,0,0,-0.04043711615675419,-0.03049181120233121,0.7718965376517788,0.9958070799366072,-0.09113509448194132,-0.007915434409774005,0.06316053861737674,0.6223767522332194,0.7801653187890325,-0.06617405767890217,-0.7773940910718304,0.6255233179162164,221218_155428
0,0,0,0,-0.04053960548248487,-0.029815322189452882,0.7729032627344622,0.9955352454583455,-0.09310777185120267,-0.015508638595812335,0.07070006752222635,0.6266793923723305,0.7760634250035232,-0.06253859210554522,-0.7736949540980288,0.6304641484657991,221218_155428
0,0,0,0,-0.03906269583139622,-0.02825036155019721,0.7742883426647779,0.9947413133017617,-0.10000335244731312,-0.022114454774734213,0.08046909460296375,0.629539959950329,0.7727898573606654,-0.0633596435001379,-0.770505527770591,0.6342765857656254,221218_155428
0,0,0,0,-0.039092839273165675,-0.028294061226468544,0.7760003984433618,0.9938117350248541,-0.11051927537754219,-0.011123178363805317,0.0781135305953759,0.6241745219582139,0.7773702094087221,-0.07897158770605606,-0.773428507302555,0.6289450154241836,221218_155428
0,0,0,0,-0.04140409465488187,-0.03051733023610907,0.780133835006974,0.9936334559650918,-0.1126064428977048,0.003513432053318527,0.06632808373194457,0.6099145943190061,0.7896865029523618,-0.09106668158726047,-0.784425889842124,0.6135005157700165,221218_155428
0,0,0,0,-0.04341909300872496,-0.03295032352244581,0.7810380923950502,0.9942976072397905,-0.10618885598989791,0.00980791011292513,0.0568945499906198,0.6060134819864883,0.7934170844089362,-0.09019577827476954,-0.7883346919387532,0.6085993222697834,221218_155428
0,0,0,0,-0.043543038093692484,-0.03355957947435528,0.7802064953951126,0.9946380994467018,-0.10296404007908258,0.009667346049777994,0.054798113040826296,0.6040045360283619,0.7950947662161583,-0.08770529024077106,-0.7903017948276189,0.6064081588798309,221218_155428
0,0,0,0,-0.042458878113074354,-0.033047977970488945,0.7809948038246779,0.994693696876831,-0.1028238557039064,0.0034211243305630884,0.059910319518888026,0.6059508222415358,0.7932429354491287,-0.0836373302338596,-0.7888287873315654,0.6088956735503743,221218_155428
0,0,0,0,-0.04199666598084498,-0.03315298535647746,0.7797517119650589,0.9951301995242452,-0.09856897302808909,0.000208688819810815,0.059960904508422064,0.6070295039242223,0.792413951982197,-0.07823410973077899,-0.7885425409714429,0.6099836761364459,221218_155428
0,0,0,0,-0.04270989485823842,-0.033350796101332646,0.7792398516664245,0.9940946123033825,-0.10851570044570319,0.0004945160932162962,0.066490087558575,0.6126936302666359,0.7875186243430332,-0.08576112199499886,-0.7828351411296435,0.6162906552647784,221218_155428
0,0,0,0,-0.043508203861539564,-0.03298982078511965,0.7761332138477647,0.9926008319242545,-0.12141199069976577,0.001648325695278216,0.07412409075215437,0.6166401300639209,0.7837477713939083,-0.09617280090256335,-0.7778265092609477,0.6210770595163573,221218_155428
0,0,0,0,-0.0437705893730407,-0.03201124336252632,0.7742457239995315,0.9914437021402476,-0.1304773288403844,0.0038797094116242575,0.07869349470824231,0.6211448009286439,0.779734871715969,-0.10414758459534376,-0.7727579200098781,0.6260978179845084,221218_155428
0,0,0,0,-0.04368506215917799,-0.03131944907477367,0.7746189064776323,0.9905902165890016,-0.1368611653682619,0.00021026696413858903,0.08627742565511812,0.6256602856708305,0.7753098817612352,-0.10624136962822209,-0.7679962424050889,0.6315809869139375,221218_155428
0,0,0,0,-0.04327149500793802,-0.03078685253177181,0.7718453202129651,0.989550674803642,-0.14417791138442648,-0.0014804946747479092,0.09194276179095168,0.6230638895548851,0.7767482977689687,-0.11106750447322475,-0.7687679229790763,0.6298094077167532,221218_155428
0,0,0,0,-0.04270560813945497,-0.030104351348106108,0.7718642834133053,0.9899542530207436,-0.14138068843117252,-0.0014414800966742608,0.09035398829661534,0.6247553305734094,0.7755752276336614,-0.1087507872386976,-0.7679142386092592,0.6312535056664046,221218_155428
0,0,0,0,-0.04168995878098485,-0.029562894034692578,0.7715697578545696,0.9909503149291476,-0.13413188612841834,-0.005109840061625362,0.08866033872811237,0.6254807645795308,0.7751858857574883,-0.10078103828815602,-0.7686237377707238,0.6317125391005967,221218_155428
0,0,0,0,-0.040299688357293764,-0.029469899610475588,0.7710882210552193,0.9916952426754424,-0.12799051790518118,-0.012608448804633035,0.09013926059482397,0.6217758966773497,0.7779907763016838,-0.09173581282309529,-0.7726662679562515,0.6281491693923065,221218_155428
0,0,0,0,-0.03915211830648852,-0.02881891365698401,0.7716569708247462,0.9912527960103047,-0.13013611921649548,-0.021965538395920428,0.09914040749403483,0.6243785349848021,0.7748048945716268,-0.08711529144570013,-0.7702051905339922,0.6318187164613183,221218_155429
0,0,0,0,-0.03832351937887286,-0.026002130056232406,0.7713662008315415,0.9903188351964454,-0.13503492834325387,-0.032158556909297295,0.11171138343212389,0.6377809321075993,0.7620735197155467,-0.08239642872623326,-0.7582882372602738,0.646691408452184,221218_155429
0,0,0,0,-0.03663727558293462,-0.02582590446124615,0.7695946220768326,0.9895535386211887,-0.1390089772186014,-0.03821385161067235,0.11903007868672155,0.6382480845825178,0.7605729569834704,-0.08133655125536735,-0.757176258726715,0.648126900113317,221218_155429
0,0,0,0,-0.033582609051504335,-0.02427269987141098,0.7670883301168281,0.9877561674097468,-0.14478251357372546,-0.05810144152500371,0.13888979326050738,0.6465178743403006,0.7501494940920463,-0.0710449088398522,-0.749034486470265,0.6587108310982623,221218_155429
0,0,0,0,-0.033424804837825846,-0.024623229907582884,0.7682278357013366,0.9871327858393276,-0.14834412606915115,-0.05968989346504314,0.14227364924489252,0.6444290365482227,0.7513118031710074,-0.07298679230949738,-0.7501368122644756,0.6572424902835036,221218_155429
0,0,0,0,-0.0340102715343197,-0.024593298348556423,0.7679413530990834,0.9879605173413666,-0.1454449818905894,-0.05272355657034222,0.13516049008367376,0.6456587073488675,0.7515693418074819,-0.07527056592666939,-0.7496469774950317,0.6575437255708876,221218_155429
0,0,0,0,-0.03411346010794542,-0.024749624829304564,0.7679084244982438,0.9880311308210575,-0.14376760460282012,-0.0559049228174974,0.13637352371637962,0.6447431987908157,0.7521359382732384,-0.07208846341573112,-0.7507576729409791,0.6566324466264251,221218_155429
0,0,0,0,-0.03374878138015289,-0.024941713423058322,0.7682532023326929,0.9885441773277691,-0.1387105615554586,-0.05949613083498266,0.13586998059995897,0.6461834170586308,0.7509902395438959,-0.06572486472508571,-0.7504707666734266,0.6576274557266206,221218_155429
0,0,0,0,-0.03465280675307781,-0.025462717624778385,0.7686517933234877,0.9894653387554764,-0.1359894864624781,-0.049650810398036316,0.126318163297585,0.6434387825126839,0.7550034799785496,-0.07072527852638621,-0.7533215732542555,0.653838315065046,221218_155429
0,0,0,0,-0.0357370930454952,-0.026134261566323265,0.7698717535439904,0.9904211221885361,-0.1305834135886596,-0.04487730850145749,0.11901017052886326,0.6424867484856402,0.7569989150131199,-0.07001842638543632,-0.7550885710404326,0.6518732007458385,221218_155429
0,0,0,0,-0.03641273859428909,-0.02675518669855465,0.7682809472444169,0.9912389895560864,-0.1265301966110213,-0.03788634225424353,0.11051742272147498,0.6374842177635621,0.762495751711039,-0.07232679212319715,-0.7600026193691414,0.6458830030997966,221218_155429
0,0,0,0,-0.03796630977522123,-0.026295670597524936,0.7689410838862012,0.9929530657327778,-0.11402496164366849,-0.03228803763064313,0.09822249508727252,0.6394084022603804,0.7625675291917817,-0.06630649071326727,-0.7603651775568027,0.6461023495146132,221218_155429
0,0,0,0,-0.03950676002597364,-0.025406527966688658,0.7675116724058859,0.9937487584382545,-0.10755411064845607,-0.029925213199709588,0.09195643901616078,0.6365897154221771,0.7657006905718314,-0.06330417384261085,-0.763665926633716,0.6425005323521317,221218_155429
0,0,0,0,-0.03997583873584095,-0.025512394291483057,0.76687763100295,0.9932219721267396,-0.11269971426664993,-0.028440964978086417,0.09386297034136099,0.6333658643785646,0.7681389357653283,-0.06855550221073489,-0.7656020221003924,0.6396512228335253,221218_155429
0,0,0,0,-0.04031613803076025,-0.026053669329851828,0.766214657786465,0.9932183980286369,-0.11362885695618802,-0.02461090579922777,0.09093293690934295,0.6273166846928243,0.7734371196749257,-0.07244594400288917,-0.7704299189237356,0.6333950783079203,221218_155429
0,0,0,0,-0.041518587231993774,-0.02612275091830622,0.7674398477144574,0.9930479554249618,-0.11634332115265075,-0.0178882601019046,0.08696016922014256,0.6226851102013565,0.7776253484183303,-0.0793327624346107,-0.7737748284589623,0.6284734104540917,221218_155429
0,0,0,0,-0.04262181636610572,-0.026295243879593276,0.7665481578823213,0.9918014163125752,-0.12745001547518786,-0.009297534928354986,0.08692894042019969,0.619560936541449,0.780120250493028,-0.0936659485501054,-0.7745325941929478,0.6255605091555504,221218_155429
0,0,0,0,-0.043106194966056485,-0.02581630957705986,0.7667943140325133,0.9909938220839973,-0.13379392795891334,-0.00551628794348398,0.08788274726247462,0.6187495279988934,0.7806571874611454,-0.1010339909384477,-0.7741112364786285,0.6249351376203601,221218_155429
0,0,0,0,-0.04328166510402939,-0.024703352585622954,0.7700802605563182,0.9909521094328347,-0.1335880659711421,-0.01296709068008707,0.09383785062190131,0.6205130513075101,0.7785615010695717,-0.09596027616299141,-0.7727339657263246,0.6274343341032509,221218_155429
0,0,0,0,-0.043919138752635,-0.024745685104294188,0.7698348912347259,0.9902833963053205,-0.13902820604074861,0.0031548260000103384,0.08369319490274396,0.613948747160787,0.7848964167243165,-0.11105964221521009,-0.7770058518343292,0.6196189652409276,221218_155429
0,0,0,0,-0.04507789291686167,-0.026838828316911624,0.7735329087490795,0.9914809729533115,-0.1300942765038069,0.0063999603518742065,0.07391054492180654,0.6023894148081093,0.7947730646395263,-0.10725069520015307,-0.7875293468487978,0.6068729819583252,221218_155429
0,0,0,0,-0.04569847766949089,-0.028689166133484434,0.775518306514969,0.9924452315991757,-0.12260887866662615,0.004418726985350174,0.07061268054909499,0.6002785143107319,0.7966677818278908,-0.1003310102696568,-0.7903371230867324,0.6044012907408928,221218_155429
0,0,0,0,-0.044971415576132774,-0.028537300867799105,0.7746178980349796,0.9921926907132412,-0.12470457222658676,0.0015601797979414578,0.07428721279329514,0.6010107705835538,0.7957810400216676,-0.10017521904453996,-0.7894522299090345,0.6055824487062281,221218_155429
0,0,0,0,-0.04491987678562811,-0.027876433287622605,0.7738378805899861,0.9923462013806171,-0.1233454245623348,0.005909555397579813,0.07070162357597418,0.6067460558903952,0.7917452267523761,-0.1012437505685212,-0.7852675530677348,0.6108228655427297,221218_155429
0,0,0,0,-0.0454561395710236,-0.028256029326240856,0.7740537590567675,0.9918737449426821,-0.12721011478066274,0.002015140409432875,0.07678495665608483,0.611181149824733,0.7877573690739048,-0.10144232117169982,-0.7812011193005343,0.6159823590646812,221218_155429
0,0,0,0,-0.045893609885607554,-0.028231007531761533,0.7701251067955707,0.9898023164860474,-0.14242676326603432,0.0024477304621070978,0.08619990144346193,0.612553970499989,0.7857144584490201,-0.11340613418149637,-0.7774909969448265,0.6185845119300581,221218_155429
0,0,0,0,-0.0459377858585378,-0.027335774271750348,0.7691679938240648,0.989165415671497,-0.14675636031276912,-0.0037882907997454918,0.09445059308131726,0.6164358244517726,0.7817198729718018,-0.11238712517909766,-0.7736080693996227,0.6236182237986366,221218_155429
0,0,0,0,-0.04560289890242762,-0.026358663415073938,0.767095379794712,0.9882146447677606,-0.15307121922979916,-0.0010088161537172152,0.09691100543545583,0.6205205378690178,0.7781789762697482,-0.11849081353429186,-0.769105625987905,0.6280417686601223,221218_155429
0,0,0,0,-0.04523071436807479,-0.0258446845175751,0.7658603055328912,0.987670131891782,-0.15641476277104888,-0.006490959570527047,0.10316305543211798,0.6191094799445659,0.7784990917378639,-0.11775013614760477,-0.7695699278363506,0.6276121665544534,221218_155430
0,0,0,0,-0.04487524722728639,-0.025541962513531847,0.7665357853727572,0.98723322627818,-0.15898219189024693,-0.009758052784676632,0.10759850193333126,0.6204762598161249,0.7768087109361578,-0.11744411144914318,-0.7679413217599147,0.6296610254887595,221218_155430
0,0,0,0,-0.04430179873114755,-0.025217056230427703,0.7656767184902505,0.9885560743547148,-0.15050088688704152,-0.010313627034658518,0.1028872154527121,0.6226503720210054,0.7757066037610418,-0.11032274812015569,-0.7678906154318573,0.6310094246355594,221218_155430
0,0,0,0,-0.04349998821184402,-0.02475386809873688,0.7649140155949494,0.9895890591807944,-0.14331525742178916,-0.013199656805993012,0.10003574131565407,0.618997558124907,0.7789960677017762,-0.1034714666422451,-0.7722064231962391,0.6268898591980682,221218_155430
0,0,0,0,-0.04290203826625204,-0.024721021046575826,0.7659498913548181,0.9890156823347396,-0.14698585228639466,-0.015592925434039756,0.1049244509102214,0.6238393476804771,0.7744774547311144,-0.10410974832904879,-0.7676064274830163,0.6324093079561868,221218_155430
0,0,0,0,-0.042762595140353445,-0.02389221057971771,0.7648823434930346,0.9893407387141422,-0.1443351810306028,-0.01929399485378025,0.10669989741203917,0.6283655860659177,0.7705659103154617,-0.09909608777754497,-0.7644109142110015,0.6370682221099135,221218_155430
0,0,0,0,-0.04263842682704849,-0.0221907957756691,0.7656489341330838,0.9894594037842055,-0.1428500855213744,-0.02374744890594467,0.11005230406151012,0.6351981899875938,0.7644682791373608,-0.094120022491271,-0.7590237891548728,0.644223803396942,221218_155430
0,0,0,0,-0.041342332749660815,-0.021477187847750417,0.7650106012220742,0.9889087876492282,-0.1457266058524534,-0.028690870618660325,0.11592129042001664,0.6365276112336968,0.7624925275466521,-0.09285291668812096,-0.7573614437531446,0.6463605645293201,221218_155430
0,0,0,0,-0.039233266270836,-0.021549627859947428,0.7643098458229497,0.9878874217416299,-0.14977305119892093,-0.040576780296620166,0.12816512621523085,0.6401434571902429,0.7574893099171487,-0.08747652477612902,-0.7535146895390225,0.6515853514789923,221218_155430
0,0,0,0,-0.037747201157897675,-0.02045368886698842,0.7628261486043367,0.9871711148089168,-0.1516121392883526,-0.05006944484743592,0.1372353048560767,0.6454119269449273,0.7514052938716205,-0.08160674719642325,-0.7486368971521813,0.6579385495883133,221218_155430
0,0,0,0,-0.0372462857300907,-0.02048493092987425,0.7616909210896006,0.9865063838611716,-0.15503633888998786,-0.052620226384377744,0.14120818582295622,0.6430479671632061,0.7526948652567368,-0.08285772660255546,-0.7499686963806265,0.6562633248867406,221218_155430
0,0,0,0,-0.03792480876707831,-0.020646687484206266,0.7627598600304452,0.9870470209066379,-0.15324621548978729,-0.047473950303178844,0.1361765025350949,0.6438515334149447,0.7529350324407366,-0.08481826853125668,-0.7496471172206837,0.6563802716155308,221218_155430
0,0,0,0,-0.038268697561434806,-0.020460058550661672,0.7622318959998151,0.9877593347457044,-0.14844355785413527,-0.04791666468285927,0.13315542874013298,0.6424189615010658,0.7546969654774848,-0.08124732869304002,-0.7518393365842855,0.654321391630097,221218_155430
0,0,0,0,-0.037659980902942515,-0.02075362549554802,0.7628888395628148,0.9869413718264384,-0.152729940234055,-0.051188806720315366,0.13865836180754382,0.6437929228661774,0.752532079826682,-0.08197918807963461,-0.7498027992902705,0.6565631537775161,221218_155430
0,0,0,0,-0.03755496785623488,-0.02086585882643052,0.762542663339875,0.988123541335284,-0.1447295504241724,-0.05162581033779429,0.13380868455896167,0.6452678822748525,0.7521466585986594,-0.07554537044463572,-0.7501218016685989,0.6569704557024145,221218_155430
0,0,0,0,-0.038572099274504716,-0.021399907666562655,0.7631117150328642,0.9898365613999722,-0.13466478679621074,-0.0457053269653729,0.12238675196245433,0.6429905402560312,0.7560321739749822,-0.07242281864137295,-0.7539420139098154,0.6529367312394444,221218_155430
0,0,0,0,-0.039139292482128045,-0.02199998075805013,0.763311522985678,0.9902562090638896,-0.13257677433443343,-0.04261501281813736,0.11820311515908805,0.638425482912414,0.760553039790611,-0.0736251585879491,-0.7581795972427166,0.6478757862027036,221218_155430
0,0,0,0,-0.04011956632233277,-0.02191106533371314,0.7635917107185378,0.9910299674200279,-0.12791980715426085,-0.03867979592855311,0.1120884981101563,0.638027337584184,0.7618118436245572,-0.07277205690969106,-0.7593139268002754,0.6466425506416033,221218_155430
0,0,0,0,-0.041466683590153215,-0.021075930069326787,0.7614197003530256,0.9923495442162162,-0.11842298953829217,-0.034905266689722575,0.10289650521758709,0.6370832515089987,0.7638960923193214,-0.068225298151596,-0.7616435689976878,0.6443945860236491,221218_155430
0,0,0,0,-0.0421112017051952,-0.020858169817210264,0.7607765490916113,0.9925467791433162,-0.11738923855212341,-0.032720908978524796,0.10021067491507923,0.6334266537431947,0.7672864490923602,-0.06934487612861223,-0.7648466780995073,0.6404692398194125,221218_155430
0,0,0,0,-0.042063109228135886,-0.02145700086292878,0.7610931668354168,0.9920191155357285,-0.12082784071088243,-0.036037582061738266,0.10470579297239185,0.6301920596911124,0.7693469079812412,-0.07024792758319298,-0.7669801828022802,0.637813944547191,221218_155430
0,0,0,0,-0.04307137811369778,-0.021409255190256455,0.7614998996404546,0.9921218408709579,-0.12192388504853124,-0.028789218841345443,0.09947949322090896,0.6270584200176004,0.7725940514355145,-0.07614514623620766,-0.7693713694567169,0.6342472802976477,221218_155430
0,0,0,0,-0.04420776300781664,-0.021247198952033534,0.7601265196098637,0.9920645509359485,-0.12391948079448672,-0.021257682279090154,0.0944530069315822,0.6229540443926526,0.7765351814672786,-0.0829852773559045,-0.7723808780999578,0.6297151918825701,221218_155430
0,0,0,0,-0.04582145201765428,-0.020495241059747534,0.7625350764995225,0.9890553835847484,-0.14709978923980055,-0.011449899896218196,0.10140290966931964,0.6213261586049943,0.7769628398731548,-0.107176947673569,-0.7696203327867372,0.6294423287709598,221218_155430
0,0,0,0,-0.04798531584577936,-0.020555774293555703,0.7660548000806741,0.9890390759451722,-0.14759493182830102,0.004176404209389986,0.08868779357683969,0.6164390462771601,0.7823920868051881,-0.11805160534271816,-0.7734459504862021,0.6227721735534615,221218_155430
0,0,0,0,-0.049972567212719206,-0.02231950502480373,0.7682098648846497,0.9900919301934406,-0.13942728608840865,0.016673381776013615,0.07257910338054302,0.6097755540112869,0.7892439720914596,-0.12020916570005835,-0.7802139486219466,0.6138533626668885,221218_155430
0,0,0,0,-0.051303085781613016,-0.024076098206303666,0.7690224734446031,0.9904729564131421,-0.13639179133304383,0.01898952003535917,0.0681640965208418,0.6054115262641185,0.7929883604518091,-0.1196535772959055,-0.7841391223013391,0.60894076749449,221218_155430
0,0,0,0,-0.051076552460625264,-0.024081690546794318,0.7692320050172824,0.990983169873743,-0.1327817047370434,0.017926960537478928,0.06690549567312534,0.6063156489824496,0.7924045610972494,-0.11608622517646575,-0.7840601715978917,0.6097324295444381,221218_155430
0,0,0,0,-0.05000174804114015,-0.023465794627457667,0.7693553073257974,0.9915176500968513,-0.12941738278550083,0.011995439940639396,0.06990354012772484,0.6088039186383908,0.7902349547622853,-0.10957301047260636,-0.7826933816530525,0.6126865639888632,221218_155430
0,0,0,0,-0.048893502938246645,-0.02411858694147844,0.7677252330552831,0.9902840799722205,-0.13901080679402159,0.0036655897270986976,0.08169425720613734,0.6029000256282538,0.793623089027145,-0.11253217003643753,-0.7856128529319804,0.6083986817991676,221218_155431
0,0,0,0,-0.04979779273151142,-0.024220051767114094,0.7661609321004698,0.9877646802395252,-0.15564257448244473,0.009814554487333968,0.08805884911156653,0.6085808203567102,0.7885905301150274,-0.12871120994091617,-0.7780776144462904,0.6148403454012392,221218_155431
0,0,0,0,-0.05114919357735964,-0.023326140708362284,0.7642392415327177,0.987258079770923,-0.15881685980173998,0.009934232217214053,0.09098636575077651,0.6146143417299871,0.7835628195539145,-0.13054870805372593,-0.7726748449267187,0.6212331437093277,221218_155431
0,0,0,0,-0.0519847380088396,-0.02223838744272976,0.7634007976786953,0.9856933524289355,-0.16807799984703287,0.01258574371369009,0.0969495197209061,0.6264722085791901,0.7733908213211464,-0.1378746010086393,-0.7611060095974362,0.6338045728388018,221218_155431
0,0,0,0,-0.05216484018556206,-0.021627019674655926,0.7610066430440078,0.9840077043309144,-0.1774458025362131,0.015550722802625733,0.10053143459658015,0.6253066849585481,0.7738765924901104,-0.1470451239428167,-0.759937192739262,0.6331454766609419,221218_155431
0,0,0,0,-0.051953650849434936,-0.02112928852075512,0.7603016598056536,0.9836748363363264,-0.17931597053491288,0.015152526846149955,0.10252987110047189,0.627659435988714,0.7717067175724532,-0.14788996548387465,-0.7575548924833445,0.63579803631635,221218_155431
0,0,0,0,-0.051251878737364226,-0.020484286092775743,0.7600793700690045,0.9850197995215428,-0.17199891822562596,0.012343689875961295,0.10011577840710884,0.6286970736164255,0.7711788512012511,-0.14040236986774174,-0.7583906392851624,0.6364988709967714,221218_155431
0,0,0,0,-0.04978252494916281,-0.020598900222517955,0.7611795424096621,0.9864001286229142,-0.16435607916172007,-0.0013658313528644717,0.10522607759672684,0.6250979848342597,0.7734209603765306,-0.12626265816267956,-0.7630462558709882,0.6338912781818035,221218_155431
0,0,0,0,-0.04767716392921141,-0.021293401362942048,0.762782241116476,0.9861099806155516,-0.16575986894573003,-0.010524826720201733,0.11245928623231291,0.6197049648808468,0.7767359045661192,-0.12222935437330334,-0.7671306422957717,0.6297384874536115,221218_155431
0,0,0,0,-0.04503257062026209,-0.02109083323014868,0.7627689004895659,0.9864439242578956,-0.1613467669608984,-0.029926661790940973,0.12489081143304248,0.6198664451308605,0.7747050247806749,-0.10644561763774044,-0.7679406298615118,0.631614217298522,221218_155431
0,0,0,0,-0.044431469251233806,-0.019654727770443338,0.760850758854786,0.9858264360510254,-0.16510535212505856,-0.02977348959382589,0.1277830179577579,0.62395451652274,0.7709424502727044,-0.10870942141571985,-0.7638199945082182,0.6362085174570716,221218_155431
0,0,0,0,-0.045610066107367335,-0.018209409268244416,0.758625685332562,0.9862990809518528,-0.1639481711001972,-0.018306285981354267,0.1190277869813807,0.630409987102033,0.7670825471149308,-0.11422131517298192,-0.7587517679418714,0.6412871788873056,221218_155431
0,0,0,0,-0.04552110394658499,-0.018772268784847737,0.7600330684462967,0.9861096981085259,-0.1640259925195553,-0.02613689106007286,0.12481557278226656,0.6279773289926023,0.7681572411051993,-0.10958437884728844,-0.7607495961545372,0.6397275325194018,221218_155431
0,0,0,0,-0.045217827488774745,-0.019251314926883062,0.7618014257243435,0.9853454996167751,-0.1687847790170519,-0.024615945180568602,0.12713702343668337,0.6305438327429911,0.7656700674973779,-0.1137120207217691,-0.7575791531991519,0.6427623223100651,221218_155431
0,0,0,0,-0.045087219065305745,-0.018837763031014046,0.7591216289698492,0.9848547528761732,-0.17192352959974994,-0.022436927311355978,0.12713494319341567,0.6280998953738715,0.76767651237389,-0.11788902390137133,-0.7589023793619942,0.64044465540926,221218_155431
0,0,0,0,-0.044776430402504,-0.018810600184254553,0.7602114544325678,0.9851065946444426,-0.1697972071768849,-0.027090692552234008,0.12979993043135502,0.6310304789085452,0.7648218830214443,-0.11276956702960694,-0.7569474507014223,0.6436719518734468,221218_155431
0,0,0,0,-0.04451734483832266,-0.01834653997789188,0.7591393683864505,0.9853213447841926,-0.1682828278062703,-0.028683399000033444,0.13014467226455867,0.6317685511208195,0.7641536901015734,-0.11047267442141759,-0.7566699331149784,0.644396151855327,221218_155431
0,0,0,0,-0.04365422451415065,-0.018300662149642093,0.7600838802897556,0.9853932888538364,-0.16574720341116808,-0.03908875596890088,0.13699200092694724,0.6351771288830884,0.7601205211187678,-0.10115956684293739,-0.7543725071244397,0.6486053210781857,221218_155431
0,0,0,0,-0.04267976638731064,-0.01799679596038315,0.7587268291654982,0.9869165833570711,-0.1552282697990695,-0.043587174145525195,0.13394081975299627,0.63884979834339,0.757582201454407,-0.08975251694911074,-0.75350853970728,0.6512828619651388,221218_155431
0,0,0,0,-0.041788700923227846,-0.017731951646091003,0.7585309537894402,0.9875424102613095,-0.1490625173424189,-0.050401923165925955,0.1353747491025621,0.6415661662043047,0.755027503927724,-0.08021013178334252,-0.7524448287452391,0.6537530990013332,221218_155431
0,0,0,0,-0.0413620736635307,-0.017547322217912706,0.757651237486041,0.9873996540454473,-0.14948426895861874,-0.051926645615119796,0.1367132516462975,0.6405515062581926,0.7556475730488761,-0.07969573398386531,-0.7532252127778702,0.6529168161569321,221218_155431
0,0,0,0,-0.04195423560688122,-0.016524877971188765,0.7567004997224509,0.9887237478971087,-0.13934434989204636,-0.054849817661116795,0.1326087499490066,0.6445339747437588,0.7529879646036668,-0.0695720474131431,-0.7517706482393244,0.6557443272073111,221218_155431
0,0,0,0,-0.042406015273888396,-0.01535818103462358,0.7555959737665763,0.9893405563528287,-0.13361384062043202,-0.05790168520978789,0.13119626346190286,0.6453139232784351,0.7525672600350277,-0.06318863829131423,-0.7521417964836495,0.6559648725147084,221218_155431
0,0,0,0,-0.04143766781840769,-0.015188997949867729,0.7551685852616201,0.9884993246332494,-0.1346519844145031,-0.06883261067870425,0.1400978963019574,0.644034439194437,0.7520586550152003,-0.05693561847715059,-0.7530527765201736,0.6554920679336109,221218_155431
0,0,0,0,-0.040341324889901956,-0.01508737577792761,0.7531182340575608,0.9876617402071861,-0.1389298811463633,-0.07226876957282508,0.14537159878784592,0.6417578874303069,0.7530032617371953,-0.05823560076772866,-0.7542183384442778,0.6540361708327567,221218_155431
0,0,0,0,-0.04015268262118129,-0.014263253172926236,0.7528442003252088,0.9873465339584253,-0.140169532533787,-0.07415742733902393,0.14777834099268405,0.6436793109590672,0.7508918075040575,-0.057518551909214066,-0.7523492851013551,0.6562485576317458,221218_155431
0,0,0,0,-0.039755367665488185,-0.013675267209841135,0.7514240831116291,0.9865675751923195,-0.14626085279954654,-0.0727473883895267,0.1507631338886807,0.6438069143879165,0.7501887325509322,-0.06288797213466973,-0.7510795030651946,0.6572097709530264,221218_155431
0,0,0,0,-0.04275390200178064,-0.015061754973022414,0.7639959100781388,0.9873075744118442,-0.1529190774712884,-0.0428895005138802,0.1314618820862536,0.6353441857110009,0.7609569890877966,-0.08911524598709233,-0.7569369335873071,0.6473831566422661,221218_155431
0,0,0,0,-0.05077255058504216,-0.018010550209081988,0.7862149246473935,0.9862734029057246,-0.16480340670198979,0.010227993947016609,0.0976732722448311,0.6322307134916926,0.7685988920150566,-0.1331341677021671,-0.7570496430599543,0.639649225226645,221218_155431
0,0,0,0,-0.05691597148335091,-0.020575175396250592,0.775652916137532,0.9869555855055884,-0.15652711151829496,0.03765548564367062,0.06917881239464374,0.6235333413973267,0.778730032862193,-0.1453718134818029,-0.765966993757319,0.6262280737234536,221218_155432
0,0,0,0,-0.06045204421374126,-0.0216254969597003,0.7689961159009668,0.9879434910002259,-0.14840897945497955,0.044073046268861465,0.05773680251355601,0.6173427586376632,0.7845727372227196,-0.14364581520460795,-0.7725688921868208,0.6184684200502337,221218_155432
0,0,0,0,-0.061188750041292594,-0.02154893148679023,0.765592842299462,0.9884378761773551,-0.1446084068072247,0.04559576316584561,0.05362482038809868,0.614672056831169,0.7869578395246369,-0.14182716092605058,-0.7754138709306251,0.6153197422414138,221218_155432
0,0,0,0,-0.05971794513308232,-0.02142814758513049,0.7684839894494221,0.9892419066441047,-0.14158785231404702,0.03678763673074119,0.05890664150909919,0.6157241192644344,0.7857568431405196,-0.1339046590871873,-0.7751365615381154,0.6174405665662176,221218_155432
0,0,0,0,-0.05663997422259705,-0.021898387196780666,0.7686327881472873,0.9905981622488951,-0.1357056783267791,0.01729883865986162,0.06984971013782366,0.6104480392283516,0.7889703476024446,-0.11762779834194462,-0.7803442575377414,0.6141877081032293,221218_155432
0,0,0,0,-0.05371154434928936,-0.02268222491416102,0.7665195316763127,0.9903987902863103,-0.13820888659133723,-0.0029223050142723334,0.08697080044949654,0.6065187670834445,0.7902980861958047,-0.10745378573408865,-0.7829644237401598,0.6127155907014705,221218_155432
0,0,0,0,-0.05375966986779568,-0.02223630105730606,0.763091594294132,0.9883953409597346,-0.15189751242437083,0.0013400329765685531,0.09249419621943387,0.6088095261552897,0.7879059490372519,-0.1204967785246188,-0.7786386238698024,0.6157941375032155,221218_155432
0,0,0,0,-0.055032909599464774,-0.02134679353445037,0.7627876773062957,0.9877273522501003,-0.15616449210274327,-0.0027072168915985295,0.0992942900857126,0.6144598862961718,0.7826747038772046,-0.12056252142925797,-0.773338024113122,0.6224250789351533,221218_155432
0,0,0,0,-0.055584240695774965,-0.020415771299167156,0.760170956950629,0.9854622137992564,-0.16987456919481253,0.0026183801759191716,0.10502274580362231,0.6212189225759059,0.776567623003624,-0.13354567772015874,-0.7650030594543447,0.6300284683946875,221218_155432
0,0,0,0,-0.05596580728775753,-0.01976489654395891,0.759827908788594,0.9851117415740662,-0.17189722069441876,0.0024904076862513613,0.10687830965095063,0.6237181705642466,0.7743078655380855,-0.13465468257385238,-0.7625135993708733,0.632804177637451,221218_155432
0,0,0,0,-0.05578062320312956,-0.019007680141267965,0.7583154969509922,0.984335298668702,-0.17622398407357376,0.005396965076224086,0.10740825573485549,0.6236636395762809,0.7742784584827755,-0.13981232561828388,-0.761569939078286,0.6328220456791174,221218_155432
0,0,0,0,-0.055052855967558545,-0.018638175347762725,0.7587129899612722,0.9854465014414552,-0.169980995103224,0.0012861183903083162,0.10677654614835422,0.6248771569861131,0.7733869069680329,-0.13226474204951413,-0.761994094452621,0.6339329917506308,221218_155432
0,0,0,0,-0.05351717058627657,-0.018819180122118494,0.7585086453963987,0.9863675959807252,-0.16437676049676322,-0.007697155825047694,0.10936357029934013,0.6198662949888578,0.7770491527748853,-0.12295761501666591,-0.7672978932236003,0.6293928566198044,221218_155432
0,0,0,0,-0.05162963523266224,-0.018724541915787166,0.760338617936623,0.9862021021504267,-0.16406521907169042,-0.022091120502071182,0.12049521597709457,0.6198981200564793,0.7753755371928344,-0.11351791330319694,-0.7673388590716629,0.6311139031251701,221218_155432
0,0,0,0,-0.05033400742365152,-0.01743485444570763,0.7577980213385115,0.9856670330252756,-0.16668843287700702,-0.025989735515356105,0.12595393772941246,0.6246289851015495,0.7706972405176131,-0.11223237312650015,-0.7629243719504678,0.6366712629814373,221218_155432
0,0,0,0,-0.0513191228525186,-0.015914914232303443,0.7559530526574784,0.9857413466844944,-0.16715131980779285,-0.019350290001771006,0.12226382727649991,0.632481696276751,0.7648649948942531,-0.11560948912758799,-0.7563248906134167,0.6438999191351569,221218_155432
0,0,0,0,-0.050890061561423346,-0.016438035755482028,0.7569040535473335,0.9852172400892959,-0.16953666047260726,-0.024582729438087494,0.12768398721591273,0.6310539428278286,0.7651586245021995,-0.1142094095925418,-0.7569862891738842,0.6433723406887148,221218_155432
0,0,0,0,-0.05108808009567899,-0.015920018217177347,0.755993174021788,0.9853997198666631,-0.16867681175282412,-0.023141418789806162,0.1260882778045512,0.6316570065987093,0.7649255991369618,-0.11440777196932547,-0.756675332749562,0.6437028060536591,221218_155432
0,0,0,0,-0.05087450816511739,-0.016014820396537354,0.7572988553743237,0.9859211821161329,-0.16522609923224085,-0.025685770131045074,0.12596207153993721,0.6328669793950766,0.7639456413415284,-0.10996808258806245,-0.756425622598712,0.6447691821792167,221218_155432
0,0,0,0,-0.05032419236814474,-0.01603931554494142,0.7568411239555927,0.9857771222577065,-0.16524958142356078,-0.030594788325021563,0.12986721298395618,0.6334846081987304,0.7627789707163409,-0.1066675781345705,-0.7559033185630545,0.6459351366509386,221218_155432
0,0,0,0,-0.05012238376773534,-0.015492404740794006,0.7565328863274478,0.9856296535487659,-0.16588222146302584,-0.031894743263299996,0.13143992001069424,0.6345409833247786,0.7616306768433141,-0.10610246685597113,-0.7548780226524775,0.6472259554771913,221218_155432
0,0,0,0,-0.04928041710507222,-0.015473224173364077,0.755856314250791,0.9852935946603731,-0.16702233264557556,-0.03605652116983672,0.13569854070959966,0.636627484124729,0.7591385594911532,-0.10383852064877117,-0.7528671774321475,0.6499296690987619,221218_155432
0,0,0,0,-0.04771748526656759,-0.01499340484190674,0.7547813599132042,0.9869103831761195,-0.154574692664059,-0.045984344803154886,0.13580787031174746,0.642817445153582,0.7538845764224182,-0.08697193766124428,-0.7502615521230134,0.6553956709236151,221218_155432
0,0,0,0,-0.04785782765142849,-0.015231283815757763,0.75470365172478,0.9872666727671188,-0.15220267183882785,-0.04624784890635088,0.13422458235261986,0.6410303121471381,0.7556877003106558,-0.08537141404244941,-0.7522728797408988,0.6532972034768921,221218_155432
0,0,0,0,-0.04863983366694184,-0.014741039453789136,0.754696508260125,0.9893404065777368,-0.13813295675593293,-0.04609605374066818,0.12491830249657979,0.6423591642517172,0.7561548266084192,-0.07483967940853287,-0.7538527643775668,0.6527672112065135,221218_155432
0,0,0,0,-0.049512061946466665,-0.013888441581851377,0.7534907560767335,0.9908061993253008,-0.12733270671469699,-0.045710580605157855,0.1174421993856748,0.6417962345805968,0.7578290856661697,-0.06715955019211428,-0.7562301072285316,0.6508499210563958,221218_155432
0,0,0,0,-0.04947905539718798,-0.013750416946435126,0.7526415648317084,0.9898931062042089,-0.13309001044603788,-0.04897639644621328,0.12349137784805639,0.6391571925539057,0.7590968072675569,-0.06972458595482436,-0.7574728591349549,0.6491327674577405,221218_155432
0,0,0,0,-0.04964243272917892,-0.013755045986447962,0.7509129657712568,0.9892636608923367,-0.1385604758144266,-0.04645862438742743,0.12438855872871354,0.6314581239058746,0.7653679665433267,-0.07671307382243076,-0.7629296378404453,0.6419139132386531,221218_155433
0,0,0,0,-0.04995092436421327,-0.013417689605418944,0.7510394742009074,0.9884802641185116,-0.14433664721492312,-0.04553789322039538,0.12758169147314954,0.6327717882750094,0.7637557043741777,-0.08142284353329482,-0.7607672418249889,0.6438971379940677,221218_155433
0,0,0,0,-0.04999382123604099,-0.012696878425713253,0.7520655773370286,0.9868182554343039,-0.155042126438315,-0.046386094587514096,0.13505704726577566,0.6310784658153369,0.7638714315694828,-0.08915898566855894,-0.7600670424466821,0.6436992824766136,221218_155433
0,0,0,0,-0.0525543806061296,-0.013131477967018666,0.7600086555585659,0.9865709993509894,-0.1620342925774954,-0.02055605187043466,0.11864861075346395,0.6244753293826657,0.7719799674594436,-0.11225048064869203,-0.7640519949724112,0.6353143934878356,221218_155433
0,0,0,0,-0.05774374461138972,-0.015784684411204633,0.7683531893660027,0.9871842445206281,-0.15901981771517482,0.013415101344000355,0.08820393462937963,0.6137502617737232,0.7845576346506243,-0.13299373401079226,-0.7733196711234747,0.6199107620999555,221218_155433
0,0,0,0,-0.06194525415777186,-0.01840585174312001,0.7678623480567254,0.9885114002593102,-0.1481981916298401,0.02970702871415125,0.06779527945174807,0.6104036352779495,0.7891838835933762,-0.13508890273237695,-0.7781032695196117,0.6134380900477676,221218_155433
0,0,0,0,-0.06428265344302664,-0.0190339289712246,0.7632698100996684,0.989086622947761,-0.14020349992825137,0.04528389243055565,0.05131859990243671,0.6159409149707754,0.7861190689514008,-0.1381088469644394,-0.7752159491863105,0.6164139668415378,221218_155433
0,0,0,0,-0.06423515726354348,-0.018440767020407128,0.7632184384972853,0.9892057553541301,-0.13971759944520032,0.04416974054185799,0.05226030773968263,0.6179953970778526,0.7844428273784781,-0.1368971650883179,-0.7736670353555576,0.6186262883154288,221218_155433
0,0,0,0,-0.06230961912125961,-0.01879730507787277,0.7635335549247576,0.989294336344363,-0.14216210579493996,0.032964401297678234,0.06211089005319176,0.614576143005577,0.786408546358182,-0.1320566295714319,-0.7759420726602836,0.6168265124505404,221218_155433
0,0,0,0,-0.05963916011086679,-0.01946941053510865,0.764634711724614,0.9909517465017201,-0.13416781199005642,0.003692469497675141,0.0795558655437087,0.6093051699429994,0.7889347717893568,-0.10809949288864273,-0.7815025323737178,0.614465858718517,221218_155433
0,0,0,0,-0.0571477030539332,-0.01986114022688513,0.7602667774266442,0.9896887862112749,-0.1432043103748501,-0.0029380159491779745,0.09007464069233875,0.6062979310175716,0.7901198503695238,-0.11136725529436409,-0.7822373964046185,0.6129453402337959,221218_155433
0,0,0,0,-0.05755923454206852,-0.01938842457980944,0.7599460744909889,0.9880707773969242,-0.1536180372382218,-0.010846081749360914,0.10362280569752608,0.6110952744138419,0.7847451049407341,-0.11392301345035734,-0.7765076073189157,0.6197237148780435,221218_155433
0,0,0,0,-0.05835105074766929,-0.01846193179378524,0.7566298649185356,0.9870352036521239,-0.160503503101801,-0.0003636529390310117,0.10062854223764603,0.6170587960324783,0.7804564938073582,-0.1250416060298979,-0.7703746281719037,0.6252099879484212,221218_155433
0,0,0,0,-0.058996222862452465,-0.017559707177554527,0.7561414328937424,0.9851031476353374,-0.17195733560730236,-0.0015694743672109435,0.10940347312993445,0.6196530584525715,0.7772135917606446,-0.13267504884513678,-0.7658072615751378,0.6292349080691,221218_155433
0,0,0,0,-0.059455732385316734,-0.01696661433549725,0.7548762004296226,0.9845790140122619,-0.17491998651952584,0.002676468316787084,0.10837328707880227,0.6218722717624446,0.7755837209874584,-0.13732951545235053,-0.7633333976245409,0.631239042088334,221218_155433
0,0,0,0,-0.059564691257377254,-0.0164774182802359,0.7542207695999827,0.9850345289433189,-0.17218182674285124,0.007771443167684078,0.10315330449218696,0.625052150743851,0.7737371676627847,-0.1380810362133626,-0.7613561764312289,0.633459075275004,221218_155433
0,0,0,0,-0.05903274371569482,-0.01631967396807744,0.7541968394939492,0.9865253421549262,-0.16357357920515286,0.003381341763499912,0.10078822727589311,0.6238822544199969,0.7749920424510214,-0.12887778136160213,-0.7642084904041819,0.6319619455833341,221218_155433
0,0,0,0,-0.05776815029204508,-0.016020422132888627,0.7561560578907873,0.9868562565199497,-0.1614965491616886,-0.005795996575087933,0.1069633444769853,0.6258946045128672,0.7725378870838497,-0.12113451987658136,-0.7630038064456478,0.6349422174054286,221218_155433
0,0,0,0,-0.05586379625910154,-0.015053429301504186,0.7568822917362149,0.9871899870996768,-0.15835173500184213,-0.019510443153507376,0.1163072219452378,0.6305262664754261,0.7674042333789544,-0.10921794492445402,-0.7598429806917124,0.6408666672561564,221218_155433
0,0,0,0,-0.054807431559214005,-0.013729538210941184,0.7542221269039098,0.9869202395536383,-0.15961209816356633,-0.022636671115965956,0.11971791155645195,0.631610225117369,0.7659870398249223,-0.10796324565309207,-0.7586781278295887,0.6424573417286474,221218_155433
0,0,0,0,-0.05363550458027595,-0.012940859682115379,0.7548242608540252,0.9862207706301909,-0.16225489438877766,-0.032279108173554574,0.12935673970774383,0.6346935609597973,0.7618601693016608,-0.10312819919777738,-0.7555378434751359,0.6469367369435475,221218_155433
0,0,0,0,-0.05206134246442816,-0.012527193005256577,0.7544326272441765,0.9854164689071855,-0.16439600466697923,-0.04391282792110354,0.14044613170673448,0.6400897013706546,0.7553542601242418,-0.09606907356224731,-0.7505059145994524,0.653843716232045,221218_155433
0,0,0,0,-0.05070004749574603,-0.011631394378809518,0.7522455638738721,0.9845846171309385,-0.16764186091271235,-0.04989326787099396,0.14743481946366416,0.6419721023513709,0.7524192938862462,-0.09410688454539726,-0.7481764673339326,0.6567921041005866,221218_155433
0,0,0,0,-0.05023689459511835,-0.011713604118112472,0.7521417524934477,0.9834056861791712,-0.17312820721037553,-0.054220662653585966,0.15427611143449976,0.6407919603397502,0.7520535519526448,-0.09545751846304479,-0.7479386922950709,0.6568680040440518,221218_155433
0,0,0,0,-0.05075421903952645,-0.01171734714587368,0.7516761475243726,0.984982137866803,-0.1651700570579367,-0.05028956487005391,0.1459679127777848,0.6410565469099726,0.7534851505525234,-0.09221473050786655,-0.7495100772606995,0.6555387765510303,221218_155433
0,0,0,0,-0.050717180937239675,-0.011718207856273873,0.7501988854791289,0.9847849633311836,-0.16651014389424418,-0.04972874397284649,0.14624322403790224,0.6395157045872945,0.7547400764562702,-0.09386956599345025,-0.7505291703635076,0.654136429969824,221218_155433
0,0,0,0,-0.05041442053833258,-0.011888534962190308,0.75190374470385,0.9845648808470779,-0.16673842484125279,-0.05320049890780196,0.14921946921440984,0.6408556649421066,0.7530189683659907,-0.09146335555811919,-0.7493345810738145,0.6558446006463576,221218_155433
0,0,0,0,-0.050758870321664235,-0.012191540071716755,0.7528114510789283,0.9865769094175971,-0.15458598391129535,-0.05262295489802288,0.14075665905183926,0.6416588451684551,0.7539638514873563,-0.08278625934650563,-0.7512503577338654,0.6548048069983544,221218_155433
0,0,0,0,-0.052125316580006034,-0.012645147255268574,0.7531679805488936,0.9869126812338174,-0.1555964691113172,-0.042344992855928146,0.13346187551417074,0.640761749769414,0.7560504664482912,-0.09050573133298065,-0.7518072351557479,0.6531420930879839,221218_155433
0,0,0,0,-0.052857071093140494,-0.013402147324643371,0.7532958514198556,0.9875927222185406,-0.15261623695948617,-0.03699863831682364,0.12680528994900178,0.636038751617884,0.7611669494147218,-0.09263386779101235,-0.75641456269475,0.647499788325361,221218_155433
0,0,0,0,-0.05416037473256073,-0.013298189256969725,0.7528036445430916,0.9893051337145301,-0.14179012231853522,-0.03421861509426992,0.11739551910923451,0.6347880854619713,0.7637161636685444,-0.08656583910035365,-0.7595654335002483,0.6446446367824923,221218_155433
0,0,0,0,-0.056077109085097304,-0.01268114314657896,0.7521321544373369,0.9911924671224417,-0.13014753691806358,-0.024476759464623188,0.10217882710180315,0.634023767851136,0.7665333320162594,-0.08424357786696601,-0.7622830710661297,0.6417379053431098,221218_155434
0,0,0,0,-0.05710944688422771,-0.012658411157312038,0.7508476774132975,0.991213855978837,-0.12975312646528203,-0.02567523881193115,0.10231582995326449,0.6291444159115237,0.7705249995089853,-0.08382459458022956,-0.7663820392596838,0.6368924612865412,221218_155434
0,0,0,0,-0.05783702774109573,-0.013290309619480748,0.7511306643113124,0.9903945065216735,-0.13699086057841658,-0.01876767352859579,0.10086367021997988,0.6229310303703445,0.775747027987537,-0.09457928674633925,-0.7701885714029559,0.6307648714052072,221218_155434
0,0,0,0,-0.05903831733911517,-0.013642629461674386,0.7503938018995313,0.9905975526684245,-0.13669924530896094,-0.005459393674032184,0.08960154728427583,0.6181121844475865,0.7809666383154253,-0.10338303231957952,-0.7741128107513744,0.6245488810805888,221218_155434
0,0,0,0,-0.05966844803880718,-0.01347874820571529,0.750845220263432,0.9891547982814426,-0.14666046692452742,-0.007968216756472635,0.0980628733955681,0.6190523062440496,0.77920338487158,-0.10934558929469136,-0.7715341532138436,0.62672050590865,221218_155434
0,0,0,0,-0.05886648472007674,-0.01217244974618951,0.7532823855802598,0.9888750035343943,-0.14785722941344204,-0.01626244431297197,0.10619007204454098,0.6251564752511997,0.7732419091401285,-0.1041628339861535,-0.7663665057671012,0.6339025815172995,221218_155434
0,0,0,0,-0.05706895507364662,-0.010774502164780722,0.7509662340339887,0.9868431562691568,-0.16058931974275373,-0.01875247475102014,0.11592172898364235,0.62191960296045,0.7744534590296305,-0.1127064225063106,-0.7664379151882272,0.6323528955320382,221218_155434
0,0,0,0,-0.05780557939725152,-0.011724586656051448,0.7554099731472833,0.9869285379617725,-0.16086292655764184,-0.009756014347484937,0.10750416343737068,0.6120444584925198,0.7834822497493033,-0.12006213308228647,-0.7742898034249899,0.6213375769352938,221218_155434
0,0,0,0,-0.05911849800939621,-0.014793964689526077,0.7603707875350388,0.9867422565935995,-0.16216841727678344,-0.006412759976341109,0.10305848700711201,0.5955744322149786,0.7966618127835745,-0.12537410940212518,-0.7867607642287135,0.6043912909381429,221218_155434
0,0,0,0,-0.05990586852784555,-0.016790310505237084,0.7597235264655918,0.9867073567291925,-0.16233257052415442,0.007531847284033499,0.0916897202413664,0.5943870482397362,0.7989349360785987,-0.13416999433013901,-0.7876243860063468,0.6013703012201184,221218_155434
0,0,0,0,-0.06022833740030477,-0.016637696262372402,0.7607106571475787,0.9874072273588932,-0.1581870560360521,-0.0019551629270556092,0.09719013685590838,0.5968188621759005,0.7964680301487269,-0.12482405480256692,-0.7866283118816095,0.6046774795615719,221218_155434
0,0,0,0,-0.05996767462960976,-0.016084129294158263,0.7583837844254304,0.9868953373422145,-0.1613055172632596,0.004257139019226169,0.09457690882351191,0.5996111576749344,0.7946833758857138,-0.13073944106345967,-0.7838666912761109,0.6070092329266965,221218_155434
0,0,0,0,-0.05971622417289345,-0.01638106586343429,0.7589420457814335,0.9872672274652258,-0.15905209023811862,-0.002419537974805805,0.09931966551577004,0.6044725522324934,0.7904103602808935,-0.12425387565368615,-0.7805865526566682,0.6125729411234362,221218_155434
0,0,0,0,-0.06024109653809168,-0.016613290763127467,0.7582078720646586,0.9856080487542871,-0.1690039935830433,-0.0037979446742997247,0.1072075227540768,0.6075330735103949,0.7870261187889175,-0.13070318012848986,-0.7761064454982934,0.6169079866238593,221218_155434
0,0,0,0,-0.060925634721294725,-0.016088257224701485,0.7555483585152554,0.984148274085233,-0.17734586590733997,-0.0007864226809710939,0.11082470666264732,0.6115273186832207,0.783423399508368,-0.13845598220443753,-0.7710919415670778,0.6214878588050764,221218_155434
0,0,0,0,-0.061076456630664466,-0.014952344592602236,0.7531488438546129,0.9826382955608486,-0.18553160110780786,-7.132771465651055e-05,0.11631164323495255,0.6157263046729622,0.7793283771182494,-0.1445461232453321,-0.765806204417379,0.6266157319526799,221218_155434
0,0,0,0,-0.061061774079114284,-0.014366349239524429,0.7520076768197609,0.9816874280890777,-0.1904807257338756,-0.0026242438430015003,0.12192459929739739,0.6176634507299817,0.7769338798884368,-0.14637002978076,-0.7630261822219646,0.6295767305307214,221218_155434
0,0,0,0,-0.06092020721125983,-0.013982598067954249,0.7510378568590815,0.98101497304323,-0.19389581144790058,-0.00374659418013773,0.12478415655937608,0.6163205669767333,0.7775460584384972,-0.14845382088971487,-0.763251841153651,0.6288148296905905,221218_155434
0,0,0,0,-0.060513956446668266,-0.013490065461922086,0.7505743877970324,0.9812648836536655,-0.19265201470162716,-0.002104599620577574,0.12287502745932996,0.6173703388932084,0.7770171119619917,-0.14839459469612698,-0.7627182087024601,0.6294759553618254,221218_155434
0,0,0,0,-0.05975769082188609,-0.013055065568162008,0.7502923007467338,0.9830068310320837,-0.18351272137839267,-0.004544363162980292,0.11901683384925749,0.6182890342753442,0.7768871625631109,-0.1397589474944586,-0.7642262434561898,0.62962344731441,221218_155434
0,0,0,0,-0.05859342834125934,-0.012768140687663897,0.750753555123094,0.9836461022372803,-0.17943097854113105,-0.015648306399689726,0.12500310004810225,0.6175485483150867,0.7765359073811676,-0.12967100883300994,-0.7657926053532387,0.6298786510547315,221218_155434
0,0,0,0,-0.057157326705815976,-0.01179034144184094,0.7522306206072844,0.9835008690052464,-0.1790564491531283,-0.02578427200053003,0.13362714632786626,0.6229854700084043,0.770735291732952,-0.12194189776362802,-0.7614643078799431,0.6366335534628411,221218_155434
0,0,0,0,-0.05618562094826817,-0.010174472642332668,0.7501410363410976,0.9825103047275592,-0.18388363403618002,-0.029331045630967986,0.14063248485109983,0.6295268006384933,0.764145608822342,-0.12204919216759652,-0.7549058328106298,0.6443765811074503,221218_155434
0,0,0,0,-0.05637993519734945,-0.009471242540343004,0.7488775053821884,0.9828293770353677,-0.18252769083545942,-0.02701958020669136,0.1380181623432774,0.630041333113777,0.7641982108272692,-0.12246388242929257,-0.7548056442863219,0.6444152673966179,221218_155434
0,0,0,0,-0.055605810112942675,-0.010067378029302378,0.7497686599171566,0.983083993394277,-0.1802309658516844,-0.03259847972115798,0.14089283737892205,0.6304453317482952,0.7633399583750993,-0.1170259386088332,-0.7550201868989667,0.6451739665142812,221218_155434
0,0,0,0,-0.05491222921122496,-0.00924046539537074,0.748532277344339,0.9818162242720807,-0.1864968078717017,-0.03543786689095141,0.1476994911674068,0.6331970218401998,0.7597673274375459,-0.11925502951659633,-0.7511860436578728,0.649228592830467,221218_155434
0,0,0,0,-0.05381344309608638,-0.009273338403474862,0.7490985837133094,0.9813482266369687,-0.1871855888977958,-0.04378599531199462,0.15498089255563086,0.6355973628331801,0.7563047767283814,-0.11373909186878828,-0.748984344074355,0.6527525345124071,221218_155434
0,0,0,0,-0.052962814264980076,-0.008571342920475239,0.7486832739096008,0.9812483082476113,-0.18627882292372872,-0.049517246403156065,0.15931315816684471,0.639211393116634,0.7523483983798984,-0.10849458602209891,-0.7461293420312878,0.6569017656878775,221218_155434
0,0,0,0,-0.05213573154178076,-0.008262415297742277,0.7469165913999819,0.9810382294941318,-0.18606870186021662,-0.05424417442521255,0.16266009144269047,0.6382605353875426,0.7524394883435234,-0.10538352301415355,-0.7469952658182387,0.6564239376517771,221218_155435
0,0,0,0,-0.052220285209418585,-0.008650496010917623,0.7474755409596604,0.9819162002052446,-0.18121475920865204,-0.05478856467771745,0.15991253593650187,0.6390112709274054,0.7523912389695259,-0.10133388685356554,-0.7475465247546078,0.6564340307315406,221218_155435
0,0,0,0,-0.05371552604667232,-0.009173040713949665,0.7492224892097483,0.9839654004289747,-0.17284351994485286,-0.04401372935483558,0.1459505799834927,0.6384298912712234,0.7557153578788087,-0.10252082208570876,-0.7500215940521229,0.6534195355928556,221218_155435
0,0,0,0,-0.05474374168764304,-0.010050380271844031,0.7489087309425869,0.984798324430659,-0.1700625553446276,-0.035369301211950005,0.13688732648700225,0.6344724352895388,0.7607276705267156,-0.10693044489670406,-0.7540049443653654,0.6481067997072512,221218_155435
0,0,0,0,-0.056144508888845104,-0.01034088787072498,0.7499904553324822,0.9856668139932465,-0.16514310605691246,-0.03447733044013564,0.132715297542495,0.632867627614232,0.7628009017536237,-0.10415172389648664,-0.7564432037105032,0.6457136346474188,221218_155435
0,0,0,0,-0.05845040332919518,-0.009783025150056588,0.750391292537057,0.987813805534898,-0.15403115457306538,-0.022322388213435684,0.11593923121079625,0.6325473633706213,0.7657949645689269,-0.1038363147502474,-0.7590508787385488,0.6426972718359121,221218_155435
0,0,0,0,-0.059909665164424176,-0.009606236595103306,0.7477155746600443,0.9887482130995773,-0.14861666159049614,-0.017031118286503874,0.10740261916190835,0.6260402491126661,0.7723589087258027,-0.10412323702975743,-0.7654976775854037,0.6349579963444811,221218_155435
0,0,0,0,-0.060853629397400785,-0.010332299279631469,0.7498461557034075,0.9880111580425565,-0.15335235082663873,-0.017804720704074392,0.11045959182131976,0.6216272561832128,0.77548580447665,-0.10785467147079925,-0.7681553299080032,0.6311139033295436,221218_155435
0,0,0,0,-0.06158670594051571,-0.010805669933200833,0.7488299027747227,0.9877105465729271,-0.1556557613841505,-0.014112410727055422,0.10878443095365296,0.619828799545511,0.7771603482139713,-0.11222220711917327,-0.7691446828795552,0.6291443658075704,221218_155435
0,0,0,0,-0.06182556072482745,-0.010532132235874793,0.7471713678879405,0.986659461918116,-0.1623688847408316,-0.011808957425329586,0.11072655046688246,0.6161310755696415,0.7798218570539698,-0.11934293958655276,-0.7707261789931724,0.6258901020030792,221218_155435
0,0,0,0,-0.06146086880895242,-0.010012685209765235,0.7474033249510388,0.9861687889286456,-0.16540082009062568,-0.010662478902987133,0.11186964382391053,0.6167724283528775,0.7791514322738591,-0.12229596286762517,-0.7695676320746886,0.626745049545058,221218_155435
0,0,0,0,-0.0606655536318717,-0.008842718923687966,0.7476057149651525,0.9857380995456861,-0.1676602663467084,-0.014506350078870703,0.1163447518428406,0.6166705689868008,0.7785764625675015,-0.12159069792828642,-0.7691602202623631,0.6273820668008177,221218_155435
0,0,0,0,-0.06079171222764076,-0.008156607939227059,0.7485465216852248,0.9837426188759432,-0.17938991062838747,-0.008349836635534763,0.11876728738984657,0.615015548232132,0.7795192152081873,-0.13470260299325523,-0.7678379616803728,0.6263226591377418,221218_155435
0,0,0,0,-0.06249823074460444,-0.009754381739521466,0.7522211952715551,0.9846867998339541,-0.17401732778299678,0.01048216886107975,0.09850814277777845,0.6050067748155444,0.7901031250626499,-0.14383341767211105,-0.776971538769959,0.6128843087420353,221218_155435
0,0,0,0,-0.06402680468510386,-0.011839056001818761,0.7551379111330667,0.9868224964920445,-0.16116297660804713,0.014417190712566696,0.08645409410403118,0.6004839663200967,0.7949494926126669,-0.13677371834478946,-0.7832276177225362,0.6065042858932005,221218_155435
0,0,0,0,-0.06397595953985029,-0.012362420718345861,0.7540968389668903,0.987438097629041,-0.15681742277184096,0.019346815395265823,0.08043407719748308,0.6042700566910074,0.792709314826082,-0.1360013329939458,-0.7811952345616585,0.6092927399223014,221218_155435
0,0,0,0,-0.06295669978600402,-0.011362032708789053,0.7525483217544671,0.9879542130612811,-0.15397833506008785,0.015399520336287498,0.08208841007972378,0.605837685339583,0.791342019580004,-0.1311791363938927,-0.7805455600760918,0.6111797303743414,221218_155435
0,0,0,0,-0.06286788471971014,-0.011481594322483557,0.7517951970405858,0.98734070495094,-0.1579345731626514,0.014662978787152836,0.08553525464095761,0.6080114734172991,0.7893071445302089,-0.13357414630267309,-0.7780608708789157,0.6138234507141738,221218_155435
0,0,0,0,-0.06364020575048443,-0.012258994777316097,0.7526194804848775,0.9870796102685446,-0.15977253495772492,0.01210702545136133,0.08925441182428301,0.6110199217261466,0.7865674193759075,-0.13306950425247205,-0.775324056331903,0.6173857098370883,221218_155435
0,0,0,0,-0.06327119077162204,-0.011602456173178437,0.7518745184646666,0.9863471377470874,-0.16451416353246906,0.0073765747701937945,0.09746612556834755,0.6192927506888335,0.7790871859496559,-0.132739135995468,-0.7677314497540598,0.6268721901900787,221218_155435
0,0,0,0,-0.061783314322889894,-0.010794835347202422,0.7487552951929459,0.9854518537314867,-0.16995479723484877,-0.00010427865645804002,0.10681560291870637,0.6188732919878421,0.7781942401722366,-0.1321933090223934,-0.7668840951284573,0.6280236569498934,221218_155435
0,0,0,0,-0.06170612430203703,-0.010685721778764206,0.7481778729568096,0.984056138051563,-0.17782845442869122,-0.0032493012396475895,0.11450076649281454,0.6194260630199974,0.7766601102954268,-0.13609956515581167,-0.7646491961985243,0.6299115137202602,221218_155435
0,0,0,0,-0.06191613369187686,-0.010445071081413779,0.7478129341793803,0.9840482973273552,-0.1777618740051219,-0.0070473170299819865,0.11732266207659649,0.6186733601127714,0.7768388934972514,-0.13373235020141772,-0.7652738004380918,0.6296599628947714,221218_155435
0,0,0,0,-0.061701271344866,-0.010375649841282345,0.7469029484940002,0.9830019685244,-0.1834211910564676,-0.007987274164606484,0.12128595848560235,0.6161127154062368,0.7782639900374313,-0.13782904683477462,-0.7660037784411908,0.6278864270410984,221218_155435
0,0,0,0,-0.06146346506121818,-0.010763748199826463,0.7478515562253694,0.9829295650483892,-0.1837076222517517,-0.010048864631964555,0.12298071746407838,0.6154230397463054,0.7785436566316873,-0.13684010116118867,-0.7664893943663056,0.6275099959667334,221218_155435
0,0,0,0,-0.06083756169935662,-0.01080121062374498,0.7479868774939888,0.9834096085966868,-0.1808139839049227,-0.014554894164547916,0.12468646410976142,0.6155004413270782,0.7782110847282872,-0.13175290276694468,-0.7671150565271173,0.6278341044112541,221218_155435
0,0,0,0,-0.06018006449108639,-0.010282088994562837,0.7473797555862398,0.9836220710098428,-0.17954549098018882,-0.015844181613114627,0.12527932349047446,0.6178275690407959,0.7762694030031776,-0.12958669888563215,-0.7655406661973116,0.6302021706326477,221218_155435
0,0,0,0,-0.059774019770032334,-0.009086405892446851,0.7478745878139401,0.9833404012824978,-0.18054916403631538,-0.021063109252062978,0.13109249586340296,0.6241217721902502,0.7702511090588605,-0.12592224876438757,-0.7601802502327252,0.637392794454276,221218_155435
0,0,0,0,-0.059601363676857574,-0.007560150127011169,0.7467744541258343,0.9831691877152301,-0.1813277107933043,-0.022329568420249593,0.1339266930724458,0.6321789464322565,0.7631601539457371,-0.12426580064544573,-0.7533060739077193,0.6458234819234157,221218_155435
0,0,0,0,-0.058552446319641786,-0.007257247726087791,0.7472939855974797,0.9825106496667602,-0.18388660096292367,-0.029300875033053356,0.14111083056871562,0.6326199099444023,0.7614983801940384,-0.1214930318479514,-0.7523149390569346,0.647504189703938,221218_155435
0,0,0,0,-0.056951465140639375,-0.007047627226657223,0.7458758191610703,0.9814943170866977,-0.18774169371250943,-0.037708910995606734,0.15046074932222223,0.6342807499588978,0.7583201785162876,-0.11845027834459354,-0.7499606567504307,0.650790707437154,221218_155435
0,0,0,0,-0.05599647348421495,-0.006043984980041172,0.7458740581255517,0.9810061686333045,-0.1880600564450509,-0.047542741541574604,0.1590031520445659,0.639218971405906,0.7524075386615081,-0.11110758184434286,-0.7456758825150914,0.6569798958050713,221218_155436
0,0,0,0,-0.0548041189574111,-0.005854776590111029,0.7447191824727619,0.9802388176872575,-0.19035200033520513,-0.0538328549073271,0.16555156834799573,0.6404326257570466,0.7499591522766111,-0.10827990818525002,-0.7440511862999214,0.6592899920741051,221218_155436
0,0,0,0,-0.055097000663917,-0.005928293692002165,0.7443154543217823,0.9799858366223568,-0.1931154304646653,-0.04831346123003774,0.16286562081344857,0.638242364332423,0.7524104424636913,-0.11446636875794292,-0.7452201787980548,0.6569203418494252,221218_155436
0,0,0,0,-0.055880191539726204,-0.006050784078091809,0.7449292820462117,0.9813110926440497,-0.18699641775224757,-0.04539690740091236,0.15629347537438554,0.6369179662409464,0.7549224157719077,-0.11225368149480192,-0.7479089811115543,0.6542409853895887,221218_155436
0,0,0,0,-0.055817224381287084,-0.006512658538164991,0.7448883487138629,0.9804244703383801,-0.1914722638639337,-0.04589368292616701,0.15953379342919058,0.6358946099905088,0.75510728624422,-0.11539855595196918,-0.7476472544962888,0.6539929327816638,221218_155436
0,0,0,0,-0.05600842568542242,-0.006621556730072755,0.7449943041245854,0.9824321635506674,-0.18048230888212813,-0.047467675335218104,0.15372305935682792,0.6384181381112873,0.7541826714745533,-0.10581240495863792,-0.7482301899222542,0.6549468053558062,221218_155436
0,0,0,0,-0.056275065648627776,-0.006943629534037824,0.7447186715798645,0.9851679953051484,-0.164918014160643,-0.04739271707494139,0.14317766542717422,0.6378290413766459,0.7567524496817783,-0.09457365991257638,-0.7523138723842981,0.6519813342948415,221218_155436
0,0,0,0,-0.056311565784506516,-0.007222969794789525,0.7451666956131133,0.9854766806869507,-0.1640322140084064,-0.043922028524764276,0.13984485588691073,0.63722993266711,0.7578795611408451,-0.09632823108621377,-0.7530149040228693,0.6509143002079689,221218_155436
0,0,0,0,-0.05748723101305647,-0.0055427903494279195,0.7431648714259153,0.9877143688644412,-0.1485632868449981,-0.04846932370612014,0.13326432433097724,0.6387772188926688,0.7577626834862979,-0.08161461510860651,-0.7549123223431699,0.6507276236453436,221218_155436
0,0,0,0,-0.05701810970355732,-0.0053876589192982955,0.7414715824961164,0.9878528705904999,-0.14606872217786493,-0.05301541726173582,0.13484118987328864,0.6362117879452739,0.7596396608873406,-0.07723056117668678,-0.7575608815671542,0.6481797213269869,221218_155436
0,0,0,0,-0.05630072804481607,-0.005550141178448871,0.7419812209522519,0.9860512528317321,-0.1547055733773538,-0.061393096965012564,0.14693657314146508,0.6358509777460225,0.757695966448859,-0.07818292820311934,-0.7561479482650282,0.649713560018701,221218_155436
0,0,0,0,-0.05664149775393056,-0.004893489538747139,0.7403236099362475,0.9861386675995066,-0.15635701639468,-0.05552487450884783,0.1432569733228764,0.6334990040042694,0.760365998398118,-0.08371360617867465,-0.7577806380145587,0.6471170966608825,221218_155436
0,0,0,0,-0.05668956850373089,-0.00457043178306569,0.7408603359821311,0.9857358848586356,-0.1581921249140802,-0.057445773709914716,0.14621901023239592,0.6359628427389161,0.7577408948328538,-0.08333526473601188,-0.7553320556355354,0.6500220914559559,221218_155436
0,0,0,0,-0.05639448283243836,-0.004033984704778774,0.7418836397218089,0.9837755248893878,-0.1704624744641108,-0.05593086293078983,0.1530353399213153,0.6346583386394419,0.7574885992083253,-0.0936263924530788,-0.7537581429046029,0.6504481229438872,221218_155436
0,0,0,0,-0.059890559587738625,-0.005062982411273703,0.7520558012914291,0.9834982474454418,-0.18034261372449015,-0.01441315186779002,0.1257844568132538,0.624350290561294,0.7709507021205847,-0.1300364091165983,-0.7600416148810848,0.6367317142667024,221218_155436
0,0,0,0,-0.06615547794544123,-0.007790291667590625,0.7612320664738327,0.9834999424793957,-0.17977554713529126,0.020214247332789648,0.096746040506483,0.6170787398643762,0.7809315158537982,-0.1528661728092336,-0.7660904525312919,0.6242894775270986,221218_155436
0,0,0,0,-0.07046061255959472,-0.009971185428001022,0.755895339666047,0.9841800432736456,-0.17243514300432183,0.04069107861639107,0.07478010311305394,0.6125068883227662,0.7869201026378495,-0.16061624637715594,-0.7714281776123049,0.6157117736290829,221218_155436
0,0,0,0,-0.07248187504997483,-0.009852242772970686,0.7521693352951774,0.9828982235064866,-0.17770794048840352,0.04828012132506397,0.07201842658024188,0.6122489633802951,0.7873782782580813,-0.169482826447694,-0.7704356525545297,0.61457666471497,221218_155436
0,0,0,0,-0.07159268912486075,-0.009313906692689966,0.7511166508630811,0.982030545676919,-0.18289932261097572,0.046517148944644426,0.07641993294414609,0.6107608518091704,0.7881187573875837,-0.172557240376358,-0.7704018559724419,0.6137629665497201,221218_155436
0,0,0,0,-0.06926920573961466,-0.009969101877811862,0.7528963034384386,0.9832801453966888,-0.18037383386175332,0.02500871301524807,0.0908816743704215,0.6050923001271372,0.7909512182116412,-0.15779948330807386,-0.7754537951321556,0.6113679208813967,221218_155436
0,0,0,0,-0.06625297136812833,-0.010769926369752604,0.7518685791686263,0.9824388930531346,-0.18657647788099785,0.001743364004697212,0.11194905944202013,0.5969034890384219,0.7944643685300213,-0.14926898373935016,-0.780317526828201,0.6073082642432438,221218_155436
0,0,0,0,-0.0653940053508719,-0.010407325385803252,0.7488366129121684,0.9791251938028018,-0.20325308020889388,0.00142837187834563,0.12330425448955085,0.599547300145205,0.7907838489204055,-0.16158562957578254,-0.7741002650007242,0.6120938359764835,221218_155436
0,0,0,0,-0.06690393645382588,-0.009668226878479166,0.7473635278026346,0.9777948383788275,-0.2094770026154365,0.006053050055490977,0.1250873027702445,0.6065684716607619,0.785129196930539,-0.1681381001599192,-0.7669381165142206,0.6193024339627876,221218_155436
0,0,0,0,-0.06786696531503315,-0.00858468793910999,0.743910393671397,0.9747631417835314,-0.22284307713705406,0.013333431380891742,0.12944963377599633,0.6128803510497506,0.7795001395845899,-0.18187800783921182,-0.7581019972729419,0.6262601312515559,221218_155436
0,0,0,0,-0.06894860634720812,-0.007734721340052713,0.7432480185096282,0.9751280091776888,-0.22076561505034498,0.019695403743013207,0.12497223969005761,0.6210357742802076,0.7737548102409664,-0.18305000689431328,-0.7520486089845695,0.633178951561378,221218_155436
0,0,0,0,-0.06956935265285988,-0.006998492442219419,0.742542938912193,0.9778757976209107,-0.2076907486265116,0.024969528674476466,0.11362347768855557,0.6275757253239955,0.7702197181986575,-0.17563777994846286,-0.7503420965926276,0.6372896581114078,221218_155436
0,0,0,0,-0.06956589091812705,-0.0068511152748084395,0.7421377321300495,0.9794301428824608,-0.19975278330743038,0.028555573434591558,0.10595101918374336,0.6295344886992997,0.7697146932935851,-0.17172937065967966,-0.7508562799224938,0.6377490651924032,221218_155436
0,0,0,0,-0.06886708404675718,-0.007215396043604783,0.7438467594182195,0.9792472011823777,-0.2014519265490557,0.022181980663428552,0.11164444991932099,0.6275419853655079,0.7705365490395175,-0.1691461964653389,-0.7520692640263864,0.6370097223183635,221218_155436
0,0,0,0,-0.06710491216928688,-0.007355157129562549,0.7461861853904174,0.9800674634621289,-0.19854579327990673,0.006880046058032108,0.12155048203319749,0.6266742813177345,0.7697433503788115,-0.1571408520417445,-0.7535641400078382,0.6383164101868615,221218_155436
0,0,0,0,-0.06433104637711314,-0.006704701474748985,0.7481313295305924,0.979704164256296,-0.20024102977235586,-0.009125816926641217,0.13539321343250932,0.6274833370986265,0.7667681131998058,-0.14781213852485547,-0.7524414871996876,0.6418593148388759,221218_155437
0,0,0,0,-0.061384701328864,-0.005665557268126257,0.7438564338124306,0.9808598490864102,-0.19315428062193868,-0.024604477795839824,0.14254170384799364,0.6262020742603805,0.766519944199828,-0.132649233372438,-0.755355800976876,0.6417490123220188,221218_155437
0,0,0,0,-0.06057500047877563,-0.0045263674722931455,0.7432390322361501,0.9794975206016224,-0.19914144650340704,-0.030451460060321928,0.1515677480047449,0.6288932636053807,0.7625749017352617,-0.1327095508998687,-0.7515556847475137,0.6461828130054612,221218_155437
0,0,0,0,-0.059411514332482186,-0.0043595372706753815,0.7431237738615772,0.9789031896298515,-0.2004779452678244,-0.03946059798957299,0.15984256106931571,0.6310763370465114,0.7590737859330674,-0.12727490327360494,-0.7493672332582667,0.6498075474442762,221218_155437
0,0,0,0,-0.05832588266035784,-0.003832559901708459,0.7425233712956368,0.9781176396377164,-0.20303154909453103,-0.04543207129129927,0.16669902045575496,0.6341279942173212,0.7550451135720362,-0.12448823080369663,-0.7460964260886069,0.6540969372877184,221218_155437
0,0,0,0,-0.05753617738584098,-0.0031506405024398386,0.7414241315004536,0.9777601840655351,-0.20338023207938405,-0.05120062163164732,0.1717612082526418,0.6364474458509954,0.751952615534607,-0.12034579259668307,-0.744023608408416,0.6572258061999667,221218_155437
0,0,0,0,-0.05744782072491973,-0.00342590706108031,0.7420091222177223,0.9765030530930786,-0.20929450709112768,-0.051357536948126614,0.17569260554931168,0.6351670753139518,0.752126914019446,-0.1247954152010011,-0.7434773673344756,0.6570140855462742,221218_155437
0,0,0,0,-0.05797654359290168,-0.003254786933264105,0.7405153462502023,0.977986682662527,-0.20280666932935199,-0.04910706069680931,0.16946069028038213,0.6346051822115258,0.7540287376220963,-0.12175846165438209,-0.7457517801425694,0.6550031751295161,221218_155437
0,0,0,0,-0.05781333240574114,-0.0034539029961684975,0.741262773822673,0.97771073910537,-0.20431389692315968,-0.04834813504267467,0.1698236971297059,0.6341643455500413,0.754317900308806,-0.12345696631308489,-0.7457153708736064,0.6547266323524724,221218_155437
0,0,0,0,-0.05762758636160497,-0.0038272496184194337,0.7422677463727447,0.9794504967909808,-0.1943271470376208,-0.05397855370532795,0.167904120810431,0.6373789023650356,0.7520348004147273,-0.11173598592564643,-0.7456440804728228,0.6569094113384755,221218_155437
0,0,0,0,-0.0586042049699261,-0.004104278308089593,0.7425551733577425,0.9810206396720337,-0.1885258464468818,-0.04534875697261265,0.15725635305902408,0.6367216831218068,0.7548880298859616,-0.11344136793978629,-0.7476921180967601,0.6542839999388114,221218_155437
0,0,0,0,-0.059192361354859786,-0.004792172050178035,0.7425900299999126,0.9818675682641465,-0.18485321711426372,-0.04201626486920375,0.15164665740221364,0.6329202172528314,0.7592201853819248,-0.11375135027676758,-0.7518253033219456,0.6494762071046765,221218_155437
0,0,0,0,-0.05995410032222773,-0.005039192854466084,0.7424319914326992,0.9827195943986496,-0.18097643673104874,-0.038855220152335654,0.14658032654912323,0.6326874936105119,0.7604082740854425,-0.11303276805292417,-0.7529635215446906,0.6482819822957538,221218_155437
0,0,0,0,-0.06179809671750746,-0.004231278855966881,0.7420912842844695,0.9852882194066463,-0.16771018968325463,-0.03286969690895551,0.13310146016463578,0.6323986349513854,0.7631225116674689,-0.10719666972682365,-0.7562706253637193,0.6454173961177736,221218_155437
0,0,0,0,-0.06298460680721048,-0.0037195171826784135,0.7395517105909623,0.9864587506810509,-0.16124600740110032,-0.02998096566132842,0.1261421938504965,0.6290866456489002,0.7670320327058046,-0.10482022770136123,-0.7604273254975908,0.640907951660155,221218_155437
0,0,0,0,-0.0632501722694935,-0.004235597902986589,0.7401009046568613,0.9849256746755715,-0.1702905370154641,-0.030373481325916468,0.131598994586093,0.6237141435567095,0.7704948875568545,-0.11226361827769671,-0.7628773165655833,0.636722137106049,221218_155437
0,0,0,0,-0.06390077035676775,-0.004729883055845836,0.7400478612342726,0.9850902621672611,-0.1703989730195366,-0.023693150426304113,0.1257694758194305,0.6193239994177457,0.7749966597975205,-0.11738489824224371,-0.7664215378883185,0.6315210304697404,221218_155437
0,0,0,0,-0.06547446499595799,-0.004698210658746914,0.740494732114057,0.9845793199158406,-0.17428814802397102,-0.015073296004355419,0.12088524571972326,0.6155462498711415,0.778774403557831,-0.1264528376958884,-0.7685873117141264,0.6271229736747884,221218_155437
0,0,0,0,-0.06640380066580231,-0.004376431517855429,0.7414838064437731,0.9836392293703264,-0.17957462526292475,-0.014381251872838091,0.12356727174732662,0.6144490611399049,0.7792197896724722,-0.13109155501660733,-0.7682482054817764,0.6265857475057649,221218_155437
0,0,0,0,-0.06685675396668905,-0.003685767107300452,0.7421916496488068,0.98243676945316,-0.1862069604142608,-0.012040013277391654,0.12581506254437907,0.6133918436151299,0.7796928986616368,-0.13779899877499782,-0.7675137875502392,0.6260463416208855,221218_155437
0,0,0,0,-0.06787516787608432,-0.003733098937107401,0.7445721530514099,0.982810549192763,-0.18461608542165941,-0.0005704375536718098,0.11477014059531468,0.6085570295547337,0.7851663241678484,-0.14460718938957284,-0.7717352154613015,0.6192846825118046,221218_155437
0,0,0,0,-0.06909602664887397,-0.005694587836285707,0.7470095252031534,0.9850438015382873,-0.17227293333177135,0.003278031767028483,0.10242306663233403,0.6007341220554443,0.7928606624243021,-0.13855765757484156,-0.7806667349385024,0.6093941454328482,221218_155437
0,0,0,0,-0.06966385390570679,-0.006238189079124899,0.7486511735911241,0.9855974920108818,-0.16910813189396834,-0.0001531965780551814,0.10373294093834415,0.6038612832321147,0.7903107158438044,-0.13355545928991944,-0.7789441509765618,0.6127062501339953,221218_155437
0,0,0,0,-0.0697266710698341,-0.005057811819869801,0.7467596026744253,0.9845173882150121,-0.17525182754224225,0.0035084534193026984,0.10499018561701917,0.6055981437434678,0.7888142678847604,-0.14036585491634013,-0.7762330096289201,0.6146216246895599,221218_155437
0,0,0,0,-0.0704685324671142,-0.004007060482286427,0.7459978718840231,0.9842444019450491,-0.17661579803674615,0.0083556641672822,0.10334242701823368,0.6129654530468134,0.7833222173212606,-0.14346881200391304,-0.7701170127032375,0.621559720965916,221218_155437
0,0,0,0,-0.06961612416376833,-0.004954379166855266,0.7457764201714001,0.98513339035353,-0.17177931472090868,0.002017484714829959,0.10427350643694283,0.6072463814290783,0.7876413321408642,-0.13652559857369034,-0.7757214057091021,0.616130717996425,221218_155437
